Week,12×5,A_Hard_Day’s_Night_(Album),Abdoulaye_Seye,Achilles_Nikolajewitsch_Alferaki,Affäre_Gregory,Ahmed_Douhou,Alain_Sarteur,Alan_Berg,Alexis_Agrafiotis,Alfred_Chilhaud-Dumaine,All_My_Loving_(EP),All_Summer_Long,Amistad-Prozesse,Amoklauf_von_San_Ysidro,Amt_Dillenburg,Amtsgericht_Dillenburg,Andonios_Liveralis,Anestis_Delias,Angélique_Ionatos,Animal_Dance,Another_Beatles_Christmas_Record,Another_Side_of_Bob_Dylan,Anschlag_von_Unango,Antiochos_Evangelatos,Antoine-François_Andréossy,Antoine_Alfred_Agénor_de_Gramont,Antoine_Richard,Antonis_Anissegos,Antonis_Katinaris,Areti_Ketime,Argyris_Kounadis,Aristides_Strongylis,Arrondissement_Dillenburg,Arthur_Vogel,Baby_M,BahnRadRoute_Teuto-Senne,BahnRadRoute_Weser-Lippe,Bahnbetriebswerk_Dillenburg,Bahnhof_Dillenburg,Bahnstrecke_Oberscheld-Hochofen–Oberscheld-Augustusstollen,Banned_in_Boston,Beach_Boys_Concert,Beatles_for_Sale,Beatles_’65,Ben_Bassaw,Bergrevier_Dillenburg,Berliner_Vertrag_(1921),Bielefelder_Berg,Bielefelder_Kreisbahnen,Bielefelder_Pass,Bismarcktempel_(Dillenburg),Bitter_Tears:_Ballads_of_the_American_Indian,Bombenanschlag_auf_das_Alfortville-Völkermordmahnmal,Bombenanschlag_auf_das_Grand_Hotel_in_Brighton,Bombenanschlag_im_Apennin-Basis-Tunnel,Breaking_Point_(Album),Brigitte_Ntiamoah,Bruno_Marie-Rose,Budweiser-Streit,Busverkehr_Ostwestfalen,California-Effekt,Calliope_Tsoupaki,Carl_Künzli-Tobler,Catherine_Capdevielle,Charilaos_Perpessas,Charles-Jean-Melchior_de_Vogüé,Charles-Joseph_de_Flahaut,Charles-Maurice_de_Talleyrand-Périgord,Charles_I._de_Cossé,Charles_Lelong,Charles_Poulenard,Charles_de_Valois,Christine_Arron,Christoph_13,Christophe_Cheval,Christophe_Lemaitre,Cobell_v._Salazar,Coltrane’s_Sound,Commission_on_New_Technological_Uses_of_Copyrighted_Works,Connie_Francis_Sings_German_Favorites,Convict_Leasing,Crescent_(Album),Crittenden-Kompromiss,Céline_Distel-Bonnet,César_Gabriel_de_Choiseul-Praslin,Daniel_Sangouma,David_Alerte,Declaratory_Act,Delaware-Effekt,Delphine_Combe,Der_Lipperländer,Dietzhölztalbahn,Dill-Zeitung,Dillenburg,Dillenburger_Schloss,Dimitri_Mitropoulos,Dimitri_Terzakis,Dimitrios_Levidis,Dimitrios_Lialios,Dimitris_Fampas,Dimitris_Mitropanos,Dinos_Constantinides,Dionysios_Lavrangas,Dionysios_Rodotheatos,Dionysis_Savvopoulos,Domenikos_Padovas,Donsbach,Déborah_Sananes,Eddy_De_Lépine,Eibach_(Dillenburg),Eleni_Karaindrou,Emilios_Riadis,Emmanuel_Marie_Louis_de_Noailles,Enemy_Alien,Entführung_von_Colleen_Stan,Ernst_August_Fischer,Ernst_Baumann_(Fotograf),Ernst_Michael_Mangel,Eschenburg_(Berg),Estelle_Raffai,Etta_James_Rocks_the_House,Eugenia_Manolides,Eva_Sindichakis,Evangelische_Kirche_Donsbach,Evangelische_Stadtkirche_(Dillenburg),Extracts_from_the_Album_A_Hard_Day’s_Night,Extracts_from_the_Film_A_Hard_Day’s_Night,Fanny_Peltier,Fivos_(Komponist),Forced_apprenticeship,Four_Horsemen_of_the_Supreme_Court,Four_for_Trane,Francesco_Londariti,Frangiskos_Domeneginis,Franz_Landgraf_(Fotograf),Franz_S._(Mörder),Franz_Scheiner,François_Seydoux_de_Clausonne,Free_for_All_(Blakey-Album),Freilassung,Friedrich_Astholz_junior,Frohnhausen_(Dillenburg),Gary_Dotson,Gaskammer_(Todesstrafe),Georg_Alpers_junior,Georg_Gronemann,Georges_Aperghis,Georges_Guillez,Georges_Malfait,Georgios_Lambelet,Getz/Gilberto,Giannis_Konstantinidis,Giannis_Papaioannou,Gilles_Quenéhervé,Giorgos_Batis,Giorgos_Kyriakakis,Giorgos_Sisilianos,Giovanni_Francesco_Zulatti,Giuseppe_Fava,Great_Cranberry_Scandal,Grube_Ypsilanta,Gruppe_Volkszorn,Gustave_de_Beaumont,Gérard_Fenouil,Hans_Pernat,Hans_Wagner_(Fotograf),Heinrich_Clausen,Hello_Dolly!_(Album),Hellweg-Netz,Henri_Allizé,Hermann_Guggenheim_(Lithograf),Hermann_Lomba,Hermann_Schischegg,Hermannshöhen,Hessisches_Landgestüt_Dillenburg,Hofgericht_Dillenburg,How_My_Heart_Sings!,I_Walk_the_Line_(Album),Iannis_Xenakis,Idle_Moments,Indira_Gandhi,Initiative_für_besseren_Nahverkehr,Internierung_Deutscher_in_den_Vereinigten_Staaten_während_des_Zweiten_Weltkrieges,Introducing…_The_Beatles,Iosif_Liveralis,Isabellenhütte_Heusler,Jacques_Carette,Jani_Christou,Jazz_på_svenska,Jean-Baptiste_Nompère_de_Champagny,Jean-Charles_Trouabal,Jean-Claude_Nallet,Jean_Baptiste_Feilner,Jean_Payart,Jennifer_Galais,Jimmy_Vicaut,Jo_Akepsimas,Jocelyn_Delecour,Johannes_Miesler,John_Doe,John_Winsch,Josef_Prokopp,JuJu_(Album),Juan_Kaiser,Judgment!,Julius_Goldiner,Karen_Ann_Quinlan,Karl_Kerschbaum,Karl_Liebhardt,Karl_XIV._Johann_(Schweden),Katerina_Fotinaki,Katia_Benth,Kids-for-Cash-Skandal,Konstantia_Gourzi,Konstantinos_Nikolopoulos,Kreisgericht_Dillenburg,Kriegsverbrecherprozesse_von_Guam,Kriegsverbrecherprozesse_von_Yokohama,La-Penca-Attentat,Lennoxville_Massacre,Leonidas_Zoras,Leslie_Djhone,Liste_der_Kulturdenkmäler_in_Dillenburg,Liste_der_Naturdenkmale_in_Dillenburg,Liste_der_französischen_Botschafter_in_Österreich,Live_at_the_Star-Club,Liza!_Liza!,Long_Tall_Sally_(EP),Lorenzo_Camilieri,Loris_Margaritis,Loudovikos_Spinellis,Louis_Auguste_Le_Tonnelier_de_Breteuil,Louis_François_Armand_de_Vignerot_du_Plessis,Louis_Marie_Florent_du_Châtelet,Louis_Marie_de_Narbonne-Lara,Ludwig_Hemmer,Luéyi_Dovy,Lydia_Fairchild,Ma_Anand_Sheela,Manderbach,Manolis_Kalomiris,Manos_Hadjidakis,Manos_Loïzos,Manuel_Chrysaphes,Marc_Raquil,Marie-José_Pérec,Marios_Varvoglis,Markos_Vamvakaris,Maroussia_Paré,Martial_Mbandjock,Marvin_Gaye,Max_Baur_(Fotograf),Max_Morinière,Meet_the_Beatles!,Meet_the_Temptations,Michael_Silka,Mickaël-Méba_Zeze,Mikis_Theodorakis,Mingo_Logan_gegen_EPA,Mingus_Plays_Piano,Missouri-Kompromiss,MoBiel,Morrill-Gesetze,Muriel_Hurtis,My_Funny_Valentine_(Album),Myriam_Soumaré,Nahverkehr_Dillenburg/Herborn,Nahverkehr_in_Bielefeld,Nanzenbach,Napoleon_Lambelet,Niederscheld,Night_Dreamer,Nikolaos_Mantzaros,Nikos_Karvelas,Nikos_Mamangakis,Nikos_Papazoglou,Nikos_Platyrachos,Nikos_Skalkottas,Nikos_Xydakis,Nikos_Xylouris,Norbert_Poehlke,Now_Jazz_Ramwong,OTHON,OWL_Verkehr,Oberscheld,Odiah_Sidibé,Ottmar_Zieher,Out_to_Lunch,Panayiotis_Kokoras,Parson’s_Cause,Pascal_Barré,Patrick_Barré,Paul_Genevay,Pavlos_Carrer,Petros_Lampadarios,Pferdesportverband_Hessen,Phara_Anacharsis,Pierre-Alexis_Pessonneaux,Pierre_Failliot,Pierre_Lefèvre-Pontalis,Pierre_Viaux,Pierre_Vincent_(Leichtathlet),Plymouth_Colony,Point_of_Departure,Porta-Express,Reichsbahn-Generaldirektion,René_Lorain,René_Mourlon,René_Tirard,Right_Now:_Live_at_the_Jazz_Workshop,Ringwallburg_Heunstein,Robert_Paul_(Leichtathlet),Robert_Schurrer,Robinson_vs._Mandell,Roger_Bambuck,Roger_Lalouette,Roger_Maugras,Ronald_Pognon,Ronnie_Gardner,SSV_Dillenburg,Salomon_Kohn_(Verleger),Schlossbergtunnel_Dillenburg,Scott_Sisters,Shut_Down_Vol._2,Siegfried_Stoitzner,Something_New,Song_for_My_Father,Sparkasse_Dillenburg,Spiritual_Unity,Spyridon_Xyndas,Spyros_Samaras,Stamos_Semsis,State_electrician,Stavros_Xarchakos,Stella_Akakpo,Stuart_Dutamby,Studiovertrag,Sylviane_Félix,Sylviane_Telliez,Tabasco-Prozesse,Thanos_Mikroutsikos,The_Beach_Boys’_Christmas_Album,The_Beatles_Beat,The_Beatles’_First,The_Beatles’_Second_Album,The_Beatles’_Story,The_Dubliners_with_Luke_Kelly,The_Individualism_of_Gil_Evans,The_Rolling_Stones_(Album),The_Sidewinder,The_Third_Album,The_Times_They_Are_a-Changin’,Theodore_Antoniou,Theodoros_Karyotakis,United_States_v._Sioux_Nation_of_Indians,Vangelis,Vasilis_Tsitsanis,Vassilis_Tsabropoulos,Verkehrsgemeinschaft_Ostwestfalen-Lippe,Villa_Grün,Volksbank_Dill,Wappenweg_Bielefeld,Waylon_Jennings_at_JD’s,Weber-Gruppe,Wednesday_Morning,Wendel_(Email-_und_Glasurenfabrik),Weser-Leine-Express,Westfalenbahn,Wildpark_Donsbach,Wilhelmsturm_(Dillenburg),Winterthurer_Ereignisse,Writ,YOGTZE-Fall,Yanni,Yannick_Fonsat,Yannis_Ioannidis,Yannis_Markopoulos,Ydrissa_M’Barke,Zweckverband_Verkehrsverbund_OWL,Étienne_Bally
2009-01,0.0,0.0,1.0,441.0,0.0,0.0,,0.0,30.0,0.0,0.0,,122.0,0.0,0.0,2.0,,,0.0,,0.0,108.0,0.0,228.0,0.0,0.0,0.0,25.0,15.0,0.0,0.0,0.0,0.0,,67.0,291.0,86.0,244.0,28.0,0.0,0.0,173.0,177.0,,0.0,0.0,0.0,0.0,227.0,43.0,0.0,0.0,0.0,0.0,0.0,0.0,,110.0,155.0,135.0,0.0,,0.0,,0.0,,52.0,0.0,0.0,0.0,0.0,2.0,58.0,268.0,0.0,0.0,0.0,0.0,137.0,,0.0,0.0,199.0,,0.0,257.0,0.0,29.0,84.0,0.0,0.0,0.0,299.0,1115.0,0.0,96.0,242.0,16.0,72.0,,96.0,0.0,180.0,0.0,67.0,0.0,184.0,,0.0,,53.0,,0.0,291.0,0.0,0.0,0.0,,0.0,,0.0,0.0,71.0,0.0,0.0,0.0,0.0,0.0,0.0,0.0,0.0,82.0,166.0,0.0,0.0,0.0,123.0,0.0,0.0,332.0,0.0,0.0,0.0,0.0,0.0,0.0,206.0,,0.0,72.0,467.0,0.0,0.0,0.0,52.0,0.0,0.0,,322.0,82.0,1.0,0.0,188.0,0.0,83.0,0.0,0.0,0.0,0.0,0.0,0.0,,0.0,0.0,0.0,0.0,0.0,0.0,141.0,210.0,829.0,0.0,0.0,,171.0,0.0,89.0,72.0,0.0,0.0,541.0,,0.0,0.0,,,95.0,163.0,0.0,1993.0,0.0,0.0,0.0,0.0,0.0,192.0,0.0,0.0,79.0,0.0,0.0,0.0,0.0,203.0,,0.0,277.0,424.0,0.0,0.0,0.0,213.0,0.0,0.0,0.0,0.0,,0.0,21.0,0.0,328.0,36.0,0.0,0.0,0.0,0.0,0.0,102.0,265.0,106.0,61.0,92.0,0.0,,32.0,0.0,190.0,77.0,,0.0,1318.0,0.0,0.0,0.0,122.0,,,469.0,0.0,0.0,270.0,119.0,0.0,2.0,0.0,0.0,0.0,382.0,451.0,92.0,57.0,252.0,312.0,94.0,788.0,,0.0,25.0,,40.0,213.0,0.0,0.0,0.0,287.0,0.0,0.0,100.0,22.0,0.0,0.0,0.0,0.0,266.0,,0.0,,,0.0,0.0,67.0,0.0,0.0,0.0,0.0,0.0,0.0,0.0,0.0,,0.0,0.0,0.0,0.0,39.0,0.0,0.0,117.0,,746.0,0.0,106.0,0.0,53.0,0.0,2.0,,0.0,0.0,51.0,248.0,117.0,0.0,227.0,,,0.0,0.0,,163.0,42.0,0.0,1.0,0.0,0.0,0.0,,145.0,0.0,46.0,18.0,0.0,49.0,0.0,0.0,1408.0,0.0,236.0,0.0,0.0,0.0,0.0,0.0,0.0,0.0,0.0,,,0.0,0.0,99.0,119.0,,597.0,,,0.0,0.0,0.0,
2009-02,0.0,0.0,0.0,151.0,0.0,0.0,,0.0,26.0,0.0,0.0,,175.0,0.0,0.0,0.0,,,0.0,,0.0,184.0,0.0,74.0,0.0,0.0,0.0,36.0,30.0,0.0,0.0,0.0,0.0,,65.0,100.0,49.0,120.0,50.0,0.0,0.0,102.0,226.0,,0.0,0.0,0.0,0.0,110.0,48.0,0.0,0.0,0.0,0.0,0.0,0.0,,61.0,166.0,253.0,0.0,,0.0,,0.0,,31.0,0.0,0.0,0.0,0.0,21.0,45.0,178.0,0.0,0.0,0.0,0.0,43.0,,0.0,0.0,87.0,,0.0,86.0,0.0,30.0,85.0,0.0,0.0,0.0,97.0,1109.0,0.0,68.0,82.0,16.0,25.0,,61.0,0.0,59.0,0.0,53.0,0.0,78.0,,0.0,,75.0,,0.0,138.0,0.0,0.0,0.0,,0.0,,0.0,0.0,28.0,0.0,0.0,0.0,0.0,0.0,0.0,0.0,0.0,27.0,59.0,0.0,0.0,0.0,68.0,0.0,0.0,150.0,0.0,0.0,0.0,0.0,0.0,0.0,105.0,,0.0,37.0,207.0,0.0,0.0,0.0,41.0,0.0,0.0,,127.0,75.0,3.0,0.0,80.0,0.0,41.0,0.0,0.0,0.0,0.0,0.0,0.0,,0.0,0.0,0.0,0.0,0.0,0.0,232.0,87.0,1224.0,0.0,0.0,,71.0,0.0,32.0,54.0,0.0,0.0,181.0,,0.0,0.0,,,38.0,66.0,0.0,7232.0,0.0,0.0,0.0,0.0,0.0,69.0,0.0,1.0,39.0,0.0,0.0,0.0,0.0,82.0,,0.0,111.0,158.0,0.0,0.0,0.0,88.0,0.0,0.0,0.0,0.0,,0.0,23.0,0.0,111.0,24.0,0.0,0.0,0.0,0.0,0.0,74.0,129.0,91.0,38.0,108.0,0.0,,27.0,0.0,77.0,86.0,,0.0,3296.0,0.0,0.0,0.0,56.0,,,505.0,0.0,0.0,264.0,102.0,0.0,5.0,0.0,0.0,0.0,262.0,186.0,41.0,39.0,87.0,124.0,47.0,268.0,,0.0,41.0,,59.0,427.0,0.0,0.0,0.0,121.0,0.0,0.0,54.0,12.0,0.0,0.0,0.0,0.0,105.0,,0.0,,,0.0,0.0,22.0,0.0,0.0,0.0,0.0,0.0,0.0,0.0,0.0,,0.0,0.0,0.0,0.0,26.0,0.0,0.0,53.0,,262.0,0.0,62.0,0.0,49.0,0.0,1.0,,0.0,0.0,23.0,118.0,44.0,0.0,88.0,,,0.0,0.0,,58.0,31.0,0.0,1.0,0.0,0.0,0.0,,69.0,0.0,22.0,18.0,0.0,30.0,0.0,0.0,1673.0,0.0,116.0,0.0,0.0,0.0,0.0,0.0,1.0,0.0,0.0,,,0.0,0.0,37.0,70.0,,334.0,,,0.0,0.0,0.0,
2009-03,0.0,0.0,0.0,12.0,0.0,0.0,,0.0,11.0,0.0,0.0,,163.0,0.0,0.0,0.0,,,0.0,,0.0,145.0,0.0,11.0,0.0,0.0,0.0,41.0,21.0,0.0,0.0,0.0,0.0,,61.0,17.0,20.0,45.0,36.0,0.0,0.0,33.0,179.0,,0.0,0.0,0.0,0.0,29.0,61.0,0.0,0.0,0.0,0.0,0.0,0.0,,11.0,121.0,130.0,0.0,,0.0,,0.0,,22.0,0.0,0.0,0.0,0.0,9.0,32.0,101.0,0.0,0.0,0.0,0.0,12.0,,0.0,0.0,17.0,,0.0,8.0,0.0,18.0,73.0,0.0,0.0,0.0,18.0,770.0,0.0,49.0,19.0,13.0,8.0,,44.0,0.0,10.0,0.0,30.0,0.0,37.0,,0.0,,49.0,,0.0,34.0,0.0,0.0,0.0,,0.0,,0.0,0.0,8.0,0.0,0.0,0.0,0.0,0.0,0.0,0.0,0.0,13.0,16.0,0.0,0.0,0.0,23.0,0.0,0.0,33.0,0.0,0.0,0.0,0.0,0.0,0.0,42.0,,0.0,6.0,66.0,0.0,0.0,0.0,34.0,0.0,0.0,,35.0,47.0,1.0,0.0,17.0,0.0,6.0,0.0,0.0,0.0,0.0,0.0,0.0,,0.0,0.0,0.0,0.0,0.0,0.0,330.0,15.0,3655.0,0.0,0.0,,12.0,0.0,13.0,23.0,0.0,0.0,13.0,,0.0,0.0,,,25.0,19.0,0.0,2589.0,0.0,0.0,0.0,0.0,0.0,14.0,0.0,0.0,13.0,0.0,0.0,0.0,0.0,15.0,,0.0,56.0,33.0,0.0,0.0,0.0,15.0,0.0,0.0,0.0,0.0,,0.0,19.0,0.0,10.0,30.0,0.0,0.0,0.0,0.0,0.0,46.0,86.0,39.0,22.0,110.0,0.0,,10.0,0.0,16.0,53.0,,0.0,4171.0,0.0,0.0,0.0,34.0,,,575.0,0.0,0.0,188.0,78.0,0.0,4.0,0.0,0.0,0.0,126.0,20.0,10.0,31.0,18.0,17.0,19.0,34.0,,0.0,33.0,,39.0,294.0,0.0,0.0,0.0,29.0,0.0,0.0,17.0,8.0,0.0,0.0,0.0,2.0,26.0,,0.0,,,0.0,0.0,8.0,0.0,2.0,0.0,0.0,0.0,0.0,0.0,0.0,,0.0,0.0,0.0,0.0,17.0,0.0,0.0,10.0,,23.0,0.0,42.0,0.0,37.0,0.0,0.0,,0.0,0.0,8.0,48.0,12.0,0.0,17.0,,,0.0,0.0,,28.0,27.0,0.0,0.0,0.0,0.0,0.0,,18.0,0.0,12.0,12.0,0.0,17.0,0.0,0.0,1687.0,0.0,26.0,0.0,0.0,0.0,0.0,0.0,0.0,0.0,0.0,,,0.0,0.0,14.0,53.0,,179.0,,,0.0,0.0,0.0,
2009-04,0.0,0.0,0.0,21.0,0.0,0.0,,0.0,27.0,0.0,0.0,,220.0,0.0,0.0,0.0,,,0.0,,0.0,98.0,0.0,11.0,0.0,0.0,0.0,34.0,26.0,0.0,0.0,0.0,0.0,,49.0,16.0,22.0,95.0,28.0,0.0,0.0,36.0,198.0,,0.0,0.0,0.0,0.0,37.0,80.0,0.0,0.0,0.0,0.0,0.0,0.0,,13.0,108.0,141.0,0.0,,0.0,,0.0,,47.0,0.0,0.0,0.0,0.0,5.0,68.0,151.0,0.0,0.0,0.0,0.0,13.0,,0.0,0.0,22.0,,0.0,15.0,0.0,31.0,90.0,0.0,0.0,0.0,21.0,820.0,0.0,63.0,16.0,22.0,11.0,,49.0,0.0,14.0,72.0,39.0,0.0,42.0,,0.0,,63.0,,0.0,35.0,0.0,0.0,0.0,,0.0,,0.0,0.0,9.0,0.0,0.0,0.0,0.0,0.0,0.0,0.0,0.0,13.0,16.0,0.0,0.0,0.0,29.0,0.0,0.0,34.0,0.0,0.0,0.0,0.0,0.0,0.0,57.0,,0.0,13.0,56.0,0.0,0.0,0.0,37.0,0.0,0.0,,32.0,56.0,0.0,0.0,27.0,0.0,21.0,0.0,0.0,0.0,0.0,0.0,0.0,,0.0,0.0,0.0,0.0,0.0,0.0,293.0,12.0,1374.0,0.0,0.0,,24.0,0.0,16.0,36.0,0.0,0.0,23.0,,0.0,0.0,,,24.0,16.0,0.0,2585.0,0.0,0.0,0.0,0.0,0.0,13.0,0.0,1.0,22.0,0.0,0.0,0.0,0.0,25.0,,0.0,64.0,46.0,0.0,0.0,0.0,18.0,0.0,0.0,0.0,0.0,,0.0,10.0,0.0,15.0,19.0,0.0,0.0,0.0,0.0,0.0,29.0,142.0,28.0,18.0,91.0,0.0,,26.0,0.0,19.0,70.0,,0.0,2430.0,0.0,0.0,0.0,32.0,,,873.0,0.0,0.0,316.0,78.0,0.0,3.0,0.0,0.0,0.0,146.0,16.0,13.0,24.0,15.0,36.0,18.0,37.0,,0.0,54.0,,58.0,273.0,0.0,0.0,0.0,65.0,0.0,0.0,29.0,8.0,0.0,0.0,0.0,0.0,28.0,,0.0,,,0.0,0.0,14.0,0.0,0.0,0.0,0.0,0.0,0.0,0.0,0.0,,0.0,0.0,0.0,0.0,16.0,0.0,0.0,15.0,,27.0,0.0,45.0,0.0,23.0,0.0,1.0,,0.0,0.0,10.0,15.0,18.0,0.0,27.0,,,0.0,0.0,,31.0,20.0,0.0,0.0,0.0,0.0,0.0,,12.0,0.0,27.0,13.0,0.0,22.0,0.0,0.0,1669.0,0.0,34.0,0.0,0.0,0.0,0.0,0.0,0.0,0.0,0.0,,,0.0,0.0,4.0,65.0,,174.0,,,0.0,0.0,0.0,
2009-05,0.0,0.0,0.0,21.0,0.0,0.0,,0.0,23.0,0.0,0.0,,175.0,0.0,0.0,0.0,,,0.0,,0.0,123.0,0.0,25.0,0.0,0.0,0.0,35.0,13.0,0.0,0.0,0.0,0.0,,47.0,20.0,29.0,51.0,23.0,0.0,0.0,30.0,202.0,,0.0,0.0,0.0,0.0,43.0,53.0,0.0,0.0,0.0,0.0,0.0,0.0,,13.0,120.0,139.0,0.0,,0.0,,0.0,,30.0,0.0,0.0,0.0,0.0,6.0,51.0,157.0,0.0,0.0,0.0,0.0,8.0,,0.0,0.0,14.0,,0.0,11.0,0.0,26.0,68.0,0.0,0.0,0.0,19.0,718.0,0.0,93.0,31.0,13.0,12.0,,48.0,0.0,14.0,25.0,43.0,0.0,32.0,,0.0,,78.0,,0.0,32.0,0.0,0.0,0.0,,0.0,,0.0,0.0,8.0,0.0,0.0,0.0,0.0,0.0,0.0,0.0,0.0,14.0,19.0,0.0,0.0,0.0,32.0,0.0,0.0,24.0,0.0,0.0,0.0,0.0,0.0,0.0,62.0,,0.0,13.0,36.0,0.0,0.0,0.0,29.0,0.0,0.0,,23.0,35.0,2.0,0.0,30.0,0.0,12.0,0.0,0.0,0.0,0.0,0.0,0.0,,0.0,0.0,0.0,0.0,0.0,0.0,273.0,9.0,1949.0,0.0,0.0,,14.0,0.0,15.0,32.0,0.0,0.0,17.0,,0.0,0.0,,,28.0,13.0,0.0,2477.0,0.0,0.0,0.0,0.0,0.0,22.0,0.0,0.0,10.0,0.0,0.0,0.0,0.0,19.0,,0.0,43.0,39.0,0.0,0.0,0.0,18.0,0.0,0.0,0.0,0.0,,0.0,18.0,0.0,17.0,21.0,0.0,0.0,0.0,0.0,0.0,33.0,93.0,57.0,27.0,139.0,0.0,,20.0,0.0,20.0,78.0,,0.0,2369.0,0.0,0.0,0.0,21.0,,,717.0,0.0,0.0,308.0,73.0,0.0,2.0,0.0,0.0,0.0,162.0,22.0,15.0,21.0,16.0,33.0,30.0,39.0,,0.0,39.0,,41.0,281.0,0.0,0.0,0.0,55.0,0.0,0.0,23.0,11.0,0.0,0.0,0.0,0.0,19.0,,0.0,,,0.0,0.0,11.0,0.0,0.0,0.0,0.0,0.0,0.0,0.0,0.0,,0.0,0.0,0.0,0.0,22.0,0.0,0.0,13.0,,22.0,0.0,28.0,0.0,37.0,0.0,2.0,,0.0,0.0,12.0,25.0,24.0,0.0,23.0,,,0.0,0.0,,26.0,26.0,0.0,0.0,0.0,0.0,0.0,,18.0,0.0,17.0,15.0,0.0,34.0,0.0,0.0,1620.0,0.0,28.0,0.0,0.0,0.0,0.0,0.0,0.0,0.0,0.0,,,0.0,0.0,14.0,46.0,,151.0,,,0.0,0.0,0.0,
2009-06,0.0,0.0,0.0,22.0,0.0,0.0,,0.0,23.0,0.0,0.0,,164.0,0.0,0.0,0.0,,,0.0,,0.0,131.0,0.0,17.0,0.0,0.0,0.0,43.0,9.0,0.0,0.0,0.0,0.0,,50.0,20.0,27.0,79.0,48.0,0.0,0.0,34.0,236.0,,0.0,0.0,0.0,0.0,46.0,46.0,0.0,0.0,0.0,0.0,0.0,0.0,,11.0,135.0,155.0,0.0,,0.0,,0.0,,39.0,0.0,0.0,0.0,0.0,8.0,39.0,101.0,0.0,0.0,0.0,0.0,7.0,,0.0,0.0,11.0,,0.0,16.0,0.0,22.0,73.0,0.0,0.0,0.0,25.0,748.0,0.0,53.0,18.0,14.0,7.0,,38.0,0.0,9.0,8.0,36.0,0.0,41.0,,0.0,,114.0,,0.0,37.0,0.0,0.0,0.0,,0.0,,0.0,0.0,12.0,0.0,0.0,0.0,0.0,0.0,0.0,0.0,0.0,6.0,12.0,0.0,0.0,0.0,18.0,0.0,0.0,30.0,0.0,0.0,0.0,0.0,0.0,0.0,47.0,,0.0,7.0,56.0,0.0,0.0,0.0,26.0,0.0,0.0,,32.0,41.0,0.0,0.0,19.0,0.0,12.0,0.0,0.0,0.0,0.0,0.0,0.0,,0.0,0.0,0.0,0.0,0.0,0.0,277.0,8.0,1199.0,0.0,0.0,,18.0,0.0,14.0,17.0,0.0,0.0,18.0,,0.0,0.0,,,16.0,9.0,0.0,2150.0,0.0,0.0,0.0,0.0,0.0,11.0,0.0,0.0,9.0,0.0,0.0,0.0,0.0,20.0,,0.0,77.0,67.0,0.0,0.0,0.0,16.0,0.0,0.0,0.0,0.0,,0.0,9.0,0.0,16.0,10.0,0.0,0.0,0.0,0.0,0.0,222.0,93.0,45.0,16.0,83.0,0.0,,12.0,0.0,11.0,44.0,,0.0,2377.0,0.0,0.0,0.0,21.0,,,673.0,0.0,0.0,221.0,60.0,0.0,4.0,0.0,0.0,0.0,156.0,19.0,13.0,19.0,24.0,20.0,29.0,37.0,,0.0,52.0,,38.0,249.0,0.0,0.0,0.0,45.0,0.0,0.0,23.0,5.0,0.0,0.0,0.0,0.0,25.0,,0.0,,,0.0,0.0,5.0,0.0,0.0,0.0,0.0,0.0,0.0,0.0,0.0,,0.0,0.0,0.0,0.0,13.0,0.0,0.0,11.0,,20.0,0.0,41.0,0.0,26.0,0.0,1.0,,0.0,0.0,11.0,21.0,16.0,0.0,17.0,,,0.0,0.0,,21.0,18.0,0.0,0.0,0.0,0.0,0.0,,13.0,0.0,23.0,7.0,0.0,12.0,0.0,0.0,1898.0,0.0,24.0,0.0,0.0,0.0,0.0,0.0,0.0,0.0,0.0,,,0.0,0.0,10.0,52.0,,194.0,,,0.0,0.0,0.0,
2009-07,0.0,0.0,0.0,15.0,0.0,0.0,,1.0,18.0,0.0,0.0,,170.0,0.0,0.0,0.0,,,0.0,,0.0,106.0,0.0,11.0,0.0,0.0,0.0,18.0,10.0,0.0,0.0,0.0,0.0,,53.0,13.0,17.0,52.0,37.0,0.0,0.0,39.0,247.0,,0.0,0.0,0.0,0.0,39.0,53.0,0.0,0.0,0.0,0.0,0.0,0.0,,14.0,122.0,141.0,0.0,,0.0,,0.0,,30.0,0.0,0.0,0.0,0.0,9.0,47.0,105.0,0.0,0.0,0.0,0.0,10.0,,0.0,0.0,17.0,,0.0,12.0,0.0,19.0,72.0,0.0,0.0,0.0,18.0,723.0,0.0,59.0,22.0,14.0,5.0,,38.0,0.0,18.0,15.0,34.0,0.0,36.0,,0.0,,148.0,,0.0,32.0,0.0,0.0,0.0,,0.0,,0.0,0.0,10.0,0.0,0.0,0.0,0.0,0.0,0.0,0.0,0.0,14.0,23.0,0.0,0.0,0.0,14.0,0.0,0.0,32.0,0.0,0.0,0.0,0.0,0.0,0.0,41.0,,0.0,6.0,40.0,0.0,0.0,0.0,33.0,0.0,0.0,,34.0,45.0,0.0,0.0,23.0,0.0,7.0,0.0,0.0,0.0,0.0,0.0,0.0,,0.0,0.0,0.0,0.0,0.0,0.0,271.0,3.0,1154.0,0.0,0.0,,17.0,0.0,9.0,23.0,0.0,0.0,13.0,,0.0,0.0,,,15.0,16.0,0.0,2242.0,0.0,0.0,0.0,0.0,0.0,15.0,1.0,0.0,13.0,0.0,0.0,0.0,0.0,14.0,,0.0,65.0,69.0,0.0,0.0,1.0,16.0,0.0,0.0,0.0,0.0,,0.0,9.0,0.0,12.0,17.0,0.0,0.0,0.0,0.0,0.0,239.0,84.0,57.0,16.0,106.0,0.0,,11.0,0.0,20.0,65.0,,0.0,2426.0,0.0,0.0,0.0,21.0,,,701.0,0.0,0.0,253.0,71.0,0.0,2.0,0.0,0.0,0.0,126.0,24.0,9.0,28.0,24.0,23.0,14.0,39.0,,0.0,49.0,,62.0,247.0,0.0,0.0,0.0,73.0,0.0,0.0,22.0,8.0,0.0,0.0,0.0,0.0,22.0,,0.0,,,0.0,0.0,12.0,0.0,2.0,0.0,0.0,0.0,0.0,0.0,0.0,,0.0,0.0,0.0,0.0,15.0,0.0,0.0,14.0,,20.0,0.0,24.0,0.0,32.0,0.0,2.0,,0.0,0.0,10.0,19.0,17.0,0.0,18.0,,,0.0,0.0,,33.0,10.0,0.0,1.0,0.0,0.0,0.0,,11.0,0.0,9.0,16.0,0.0,22.0,0.0,0.0,1806.0,0.0,40.0,0.0,0.0,0.0,0.0,0.0,0.0,0.0,0.0,,,0.0,0.0,12.0,33.0,,162.0,,,0.0,0.0,0.0,
2009-08,0.0,0.0,0.0,17.0,0.0,0.0,,0.0,25.0,0.0,0.0,,145.0,0.0,0.0,1.0,,,0.0,,0.0,127.0,0.0,14.0,0.0,0.0,0.0,33.0,13.0,0.0,0.0,0.0,0.0,,45.0,20.0,25.0,38.0,51.0,0.0,0.0,45.0,217.0,,0.0,0.0,0.0,0.0,48.0,37.0,0.0,0.0,0.0,0.0,0.0,0.0,,6.0,108.0,119.0,0.0,,0.0,,0.0,,38.0,0.0,0.0,0.0,0.0,8.0,48.0,121.0,0.0,0.0,0.0,0.0,9.0,,0.0,0.0,12.0,,0.0,6.0,0.0,20.0,63.0,0.0,0.0,0.0,20.0,755.0,0.0,70.0,24.0,21.0,8.0,,68.0,0.0,12.0,15.0,50.0,0.0,35.0,,0.0,,118.0,,0.0,44.0,0.0,0.0,0.0,,0.0,,0.0,0.0,14.0,0.0,0.0,0.0,0.0,0.0,0.0,0.0,0.0,9.0,18.0,0.0,0.0,0.0,31.0,0.0,0.0,41.0,0.0,0.0,0.0,0.0,0.0,0.0,32.0,,0.0,16.0,49.0,0.0,0.0,0.0,25.0,0.0,0.0,,29.0,50.0,1.0,0.0,19.0,0.0,21.0,0.0,1.0,0.0,0.0,0.0,0.0,,0.0,0.0,0.0,0.0,0.0,0.0,237.0,19.0,1355.0,0.0,0.0,,16.0,0.0,7.0,28.0,0.0,0.0,16.0,,0.0,0.0,,,24.0,11.0,0.0,1908.0,0.0,0.0,0.0,0.0,0.0,11.0,0.0,0.0,12.0,0.0,0.0,0.0,0.0,18.0,,0.0,49.0,39.0,0.0,0.0,0.0,19.0,0.0,0.0,0.0,0.0,,0.0,9.0,0.0,15.0,21.0,0.0,0.0,0.0,0.0,0.0,39.0,100.0,49.0,27.0,101.0,0.0,,15.0,0.0,15.0,59.0,,0.0,2504.0,0.0,0.0,0.0,17.0,,,648.0,0.0,0.0,306.0,64.0,0.0,3.0,0.0,0.0,0.0,158.0,26.0,16.0,20.0,17.0,36.0,19.0,43.0,,0.0,70.0,,36.0,265.0,0.0,0.0,0.0,47.0,0.0,0.0,23.0,6.0,0.0,0.0,0.0,0.0,17.0,,0.0,,,0.0,0.0,23.0,0.0,2.0,0.0,0.0,0.0,0.0,0.0,0.0,,0.0,0.0,0.0,0.0,16.0,0.0,0.0,20.0,,29.0,0.0,41.0,0.0,32.0,0.0,6.0,,0.0,0.0,14.0,32.0,24.0,0.0,26.0,,,0.0,0.0,,21.0,18.0,0.0,1.0,0.0,0.0,0.0,,14.0,0.0,23.0,8.0,0.0,24.0,0.0,0.0,1761.0,0.0,27.0,0.0,0.0,0.0,0.0,0.0,0.0,0.0,0.0,,,0.0,0.0,10.0,46.0,,182.0,,,0.0,0.0,0.0,
2009-09,0.0,0.0,0.0,16.0,0.0,0.0,,0.0,23.0,0.0,0.0,,160.0,0.0,0.0,0.0,,,0.0,,0.0,115.0,0.0,20.0,0.0,0.0,0.0,31.0,14.0,0.0,0.0,0.0,0.0,,62.0,26.0,35.0,97.0,51.0,0.0,0.0,51.0,340.0,,0.0,0.0,0.0,0.0,49.0,51.0,0.0,0.0,0.0,0.0,0.0,0.0,,15.0,131.0,121.0,0.0,,0.0,,0.0,,43.0,0.0,0.0,0.0,0.0,17.0,37.0,113.0,0.0,0.0,0.0,0.0,11.0,,0.0,0.0,22.0,,0.0,14.0,0.0,24.0,106.0,0.0,0.0,0.0,26.0,806.0,0.0,81.0,21.0,16.0,21.0,,46.0,0.0,13.0,21.0,95.0,0.0,38.0,,0.0,,99.0,,0.0,77.0,0.0,0.0,0.0,,0.0,,0.0,0.0,17.0,0.0,0.0,0.0,0.0,0.0,0.0,0.0,0.0,23.0,25.0,0.0,0.0,0.0,29.0,0.0,0.0,40.0,0.0,0.0,0.0,0.0,0.0,0.0,39.0,,0.0,11.0,54.0,0.0,0.0,0.0,44.0,0.0,0.0,,32.0,44.0,0.0,0.0,23.0,0.0,13.0,0.0,0.0,0.0,0.0,0.0,0.0,,0.0,0.0,0.0,0.0,0.0,0.0,500.0,27.0,1254.0,0.0,0.0,,15.0,0.0,21.0,19.0,0.0,0.0,29.0,,0.0,0.0,,,35.0,16.0,0.0,2111.0,0.0,0.0,0.0,0.0,0.0,21.0,1.0,0.0,15.0,0.0,0.0,0.0,0.0,17.0,,0.0,61.0,51.0,0.0,0.0,0.0,21.0,0.0,0.0,0.0,0.0,,0.0,18.0,0.0,21.0,19.0,0.0,0.0,0.0,0.0,0.0,35.0,84.0,61.0,28.0,112.0,0.0,,14.0,0.0,20.0,81.0,,0.0,2110.0,0.0,0.0,0.0,32.0,,,621.0,0.0,0.0,219.0,64.0,0.0,9.0,0.0,0.0,0.0,153.0,35.0,13.0,29.0,35.0,36.0,28.0,45.0,,2.0,35.0,,55.0,234.0,0.0,0.0,0.0,67.0,0.0,0.0,38.0,7.0,0.0,0.0,0.0,0.0,29.0,,0.0,,,0.0,0.0,21.0,0.0,0.0,0.0,0.0,0.0,0.0,0.0,0.0,,0.0,0.0,0.0,0.0,17.0,0.0,0.0,17.0,,37.0,0.0,43.0,0.0,49.0,0.0,6.0,,0.0,0.0,12.0,21.0,16.0,0.0,20.0,,,0.0,0.0,,28.0,17.0,0.0,1.0,0.0,0.0,0.0,,27.0,0.0,28.0,17.0,0.0,23.0,0.0,0.0,1759.0,0.0,36.0,0.0,0.0,0.0,0.0,0.0,0.0,1.0,0.0,,,0.0,0.0,19.0,50.0,,189.0,,,0.0,0.0,0.0,
2009-10,0.0,0.0,0.0,22.0,0.0,0.0,,0.0,12.0,0.0,0.0,,159.0,0.0,0.0,0.0,,,0.0,,0.0,125.0,0.0,15.0,0.0,0.0,0.0,22.0,13.0,0.0,0.0,0.0,0.0,,39.0,26.0,33.0,57.0,45.0,0.0,0.0,44.0,228.0,,0.0,0.0,0.0,0.0,35.0,45.0,0.0,0.0,0.0,0.0,0.0,0.0,,17.0,97.0,117.0,0.0,,0.0,,0.0,,23.0,0.0,0.0,0.0,0.0,9.0,60.0,108.0,0.0,0.0,0.0,0.0,7.0,,0.0,0.0,10.0,,0.0,12.0,0.0,29.0,117.0,0.0,0.0,0.0,26.0,820.0,0.0,57.0,22.0,16.0,11.0,,48.0,0.0,8.0,11.0,27.0,0.0,37.0,,0.0,,78.0,,0.0,62.0,0.0,0.0,0.0,,0.0,,0.0,0.0,13.0,0.0,0.0,0.0,0.0,0.0,0.0,0.0,0.0,19.0,20.0,0.0,0.0,0.0,34.0,0.0,0.0,48.0,0.0,0.0,0.0,0.0,0.0,0.0,41.0,,0.0,8.0,54.0,0.0,0.0,0.0,22.0,0.0,0.0,,35.0,46.0,1.0,0.0,16.0,0.0,13.0,0.0,0.0,0.0,0.0,0.0,0.0,,0.0,0.0,0.0,0.0,0.0,0.0,339.0,17.0,1367.0,0.0,0.0,,13.0,0.0,10.0,18.0,0.0,0.0,24.0,,0.0,0.0,,,27.0,8.0,0.0,2010.0,0.0,0.0,0.0,0.0,0.0,8.0,1.0,0.0,11.0,0.0,0.0,0.0,0.0,19.0,,0.0,48.0,50.0,0.0,0.0,0.0,22.0,0.0,0.0,0.0,0.0,,0.0,8.0,0.0,15.0,14.0,0.0,0.0,0.0,0.0,0.0,24.0,95.0,70.0,16.0,98.0,0.0,,19.0,0.0,19.0,63.0,,0.0,2896.0,0.0,0.0,0.0,15.0,,,564.0,0.0,0.0,389.0,85.0,0.0,5.0,0.0,0.0,0.0,153.0,21.0,7.0,24.0,27.0,18.0,19.0,42.0,,0.0,43.0,,42.0,215.0,0.0,0.0,0.0,51.0,0.0,0.0,24.0,8.0,0.0,0.0,0.0,0.0,18.0,,0.0,,,0.0,0.0,12.0,0.0,0.0,0.0,0.0,0.0,0.0,0.0,0.0,,0.0,0.0,0.0,0.0,14.0,0.0,0.0,21.0,,41.0,0.0,35.0,0.0,38.0,0.0,3.0,,0.0,0.0,12.0,22.0,14.0,0.0,20.0,,,0.0,0.0,,26.0,10.0,0.0,0.0,0.0,0.0,0.0,,16.0,0.0,18.0,14.0,0.0,18.0,0.0,0.0,1677.0,0.0,23.0,0.0,0.0,0.0,0.0,0.0,0.0,0.0,0.0,,,0.0,0.0,17.0,32.0,,204.0,,,0.0,0.0,0.0,
2009-11,0.0,0.0,0.0,19.0,0.0,0.0,,0.0,17.0,0.0,0.0,,172.0,0.0,0.0,0.0,,,0.0,,0.0,152.0,0.0,12.0,0.0,0.0,0.0,22.0,10.0,0.0,0.0,0.0,0.0,,42.0,28.0,40.0,63.0,43.0,0.0,0.0,43.0,258.0,,0.0,0.0,0.0,0.0,46.0,54.0,0.0,0.0,0.0,0.0,0.0,0.0,,21.0,135.0,96.0,0.0,,0.0,,0.0,,28.0,0.0,0.0,0.0,0.0,5.0,59.0,88.0,0.0,0.0,0.0,0.0,10.0,,0.0,0.0,16.0,,0.0,14.0,0.0,29.0,115.0,0.0,0.0,0.0,19.0,784.0,0.0,82.0,27.0,15.0,12.0,,53.0,0.0,11.0,9.0,28.0,0.0,52.0,,0.0,,81.0,,0.0,45.0,0.0,0.0,0.0,,0.0,,0.0,0.0,9.0,0.0,0.0,0.0,0.0,0.0,0.0,0.0,0.0,12.0,14.0,0.0,0.0,0.0,19.0,0.0,0.0,42.0,0.0,0.0,0.0,0.0,0.0,0.0,43.0,,0.0,8.0,54.0,0.0,0.0,0.0,23.0,0.0,0.0,,23.0,46.0,0.0,0.0,28.0,0.0,9.0,0.0,0.0,0.0,0.0,0.0,0.0,,0.0,0.0,0.0,0.0,0.0,0.0,271.0,18.0,1323.0,0.0,0.0,,12.0,0.0,15.0,23.0,0.0,0.0,23.0,,0.0,0.0,,,25.0,17.0,0.0,1802.0,0.0,0.0,0.0,0.0,0.0,13.0,0.0,0.0,12.0,0.0,0.0,0.0,0.0,22.0,,0.0,45.0,47.0,0.0,0.0,0.0,12.0,0.0,0.0,0.0,0.0,,0.0,11.0,0.0,18.0,30.0,0.0,0.0,0.0,0.0,0.0,38.0,110.0,88.0,18.0,87.0,0.0,,19.0,0.0,19.0,55.0,,0.0,2190.0,0.0,0.0,0.0,27.0,,,817.0,0.0,0.0,263.0,88.0,0.0,5.0,0.0,0.0,0.0,142.0,45.0,11.0,43.0,26.0,32.0,39.0,27.0,,0.0,23.0,,39.0,341.0,0.0,0.0,0.0,62.0,0.0,0.0,21.0,12.0,0.0,0.0,0.0,0.0,16.0,,0.0,,,0.0,0.0,8.0,0.0,0.0,0.0,0.0,0.0,0.0,0.0,0.0,,0.0,0.0,0.0,0.0,18.0,0.0,0.0,23.0,,31.0,0.0,40.0,0.0,37.0,0.0,2.0,,0.0,0.0,14.0,29.0,17.0,0.0,32.0,,,0.0,0.0,,20.0,13.0,0.0,1.0,0.0,0.0,0.0,,18.0,0.0,17.0,12.0,0.0,15.0,0.0,0.0,1617.0,0.0,28.0,0.0,0.0,0.0,0.0,0.0,1.0,1.0,0.0,,,0.0,0.0,15.0,38.0,,202.0,,,0.0,0.0,0.0,
2009-12,0.0,0.0,0.0,13.0,0.0,0.0,,0.0,24.0,0.0,0.0,,144.0,0.0,0.0,2.0,,,0.0,,0.0,134.0,0.0,13.0,0.0,0.0,0.0,28.0,14.0,0.0,0.0,0.0,0.0,,73.0,27.0,24.0,108.0,38.0,0.0,0.0,52.0,209.0,,0.0,0.0,0.0,0.0,53.0,39.0,0.0,0.0,0.0,0.0,0.0,0.0,,15.0,126.0,96.0,0.0,,0.0,,0.0,,33.0,0.0,0.0,0.0,0.0,14.0,35.0,172.0,0.0,0.0,0.0,0.0,12.0,,0.0,0.0,25.0,,0.0,12.0,0.0,39.0,129.0,0.0,0.0,0.0,25.0,867.0,0.0,60.0,31.0,10.0,6.0,,53.0,0.0,15.0,11.0,30.0,0.0,34.0,,0.0,,71.0,,0.0,55.0,0.0,0.0,0.0,,0.0,,0.0,0.0,8.0,0.0,0.0,0.0,0.0,0.0,0.0,0.0,0.0,13.0,13.0,0.0,0.0,0.0,27.0,0.0,0.0,27.0,0.0,0.0,0.0,0.0,0.0,0.0,32.0,,0.0,10.0,52.0,0.0,0.0,0.0,17.0,0.0,0.0,,22.0,47.0,1.0,0.0,18.0,0.0,18.0,0.0,0.0,0.0,0.0,0.0,0.0,,0.0,0.0,0.0,0.0,0.0,0.0,260.0,18.0,1312.0,0.0,0.0,,19.0,0.0,8.0,25.0,0.0,0.0,23.0,,0.0,0.0,,,23.0,10.0,0.0,1808.0,0.0,0.0,0.0,0.0,0.0,13.0,0.0,0.0,16.0,0.0,0.0,0.0,0.0,16.0,,0.0,55.0,36.0,0.0,0.0,0.0,15.0,0.0,0.0,0.0,0.0,,0.0,12.0,0.0,14.0,17.0,0.0,0.0,0.0,0.0,0.0,22.0,85.0,48.0,26.0,102.0,0.0,,15.0,0.0,14.0,45.0,,0.0,2219.0,0.0,0.0,0.0,25.0,,,628.0,0.0,0.0,215.0,66.0,0.0,9.0,0.0,0.0,0.0,141.0,24.0,8.0,22.0,33.0,20.0,32.0,43.0,,0.0,35.0,,61.0,298.0,0.0,0.0,0.0,47.0,0.0,0.0,19.0,8.0,0.0,0.0,0.0,0.0,18.0,,0.0,,,0.0,0.0,12.0,0.0,0.0,0.0,0.0,0.0,0.0,0.0,0.0,,0.0,0.0,0.0,0.0,10.0,0.0,0.0,16.0,,26.0,0.0,48.0,0.0,42.0,0.0,4.0,,0.0,0.0,12.0,33.0,15.0,0.0,22.0,,,0.0,0.0,,26.0,15.0,0.0,1.0,0.0,0.0,0.0,,17.0,0.0,24.0,13.0,0.0,14.0,0.0,0.0,1532.0,0.0,29.0,0.0,0.0,0.0,0.0,0.0,0.0,0.0,0.0,,,0.0,0.0,11.0,34.0,,176.0,,,0.0,0.0,0.0,
2009-13,0.0,0.0,0.0,17.0,0.0,0.0,,0.0,19.0,0.0,0.0,,145.0,0.0,0.0,1.0,,,0.0,,0.0,141.0,0.0,16.0,0.0,0.0,0.0,27.0,15.0,0.0,0.0,0.0,0.0,,491.0,27.0,35.0,74.0,45.0,0.0,0.0,35.0,231.0,,0.0,0.0,0.0,0.0,51.0,76.0,0.0,0.0,0.0,0.0,0.0,0.0,,18.0,457.0,90.0,0.0,,0.0,,0.0,,32.0,0.0,0.0,0.0,0.0,7.0,37.0,168.0,0.0,0.0,0.0,0.0,9.0,,0.0,0.0,15.0,,0.0,16.0,0.0,16.0,97.0,0.0,0.0,0.0,21.0,980.0,0.0,53.0,18.0,16.0,9.0,,35.0,0.0,12.0,15.0,25.0,0.0,30.0,,0.0,,90.0,,0.0,57.0,0.0,0.0,0.0,,0.0,,0.0,0.0,10.0,0.0,0.0,0.0,0.0,0.0,0.0,0.0,0.0,18.0,19.0,0.0,0.0,0.0,24.0,0.0,0.0,45.0,0.0,0.0,0.0,0.0,0.0,0.0,47.0,,0.0,15.0,50.0,0.0,0.0,0.0,37.0,0.0,0.0,,20.0,64.0,1.0,0.0,14.0,0.0,14.0,0.0,2.0,0.0,0.0,0.0,0.0,,0.0,0.0,0.0,0.0,0.0,0.0,314.0,21.0,1263.0,0.0,0.0,,14.0,0.0,9.0,19.0,0.0,0.0,17.0,,0.0,0.0,,,27.0,11.0,0.0,1785.0,0.0,0.0,0.0,0.0,0.0,12.0,0.0,0.0,12.0,0.0,0.0,0.0,0.0,12.0,,0.0,40.0,44.0,0.0,0.0,0.0,11.0,0.0,0.0,0.0,0.0,,0.0,20.0,0.0,16.0,17.0,0.0,0.0,0.0,0.0,0.0,169.0,95.0,42.0,20.0,94.0,0.0,,14.0,0.0,16.0,45.0,,0.0,3029.0,0.0,0.0,0.0,20.0,,,789.0,0.0,0.0,156.0,53.0,0.0,5.0,0.0,0.0,0.0,109.0,28.0,13.0,30.0,25.0,14.0,28.0,38.0,,0.0,35.0,,48.0,269.0,0.0,0.0,0.0,49.0,0.0,0.0,19.0,12.0,0.0,0.0,0.0,0.0,24.0,,0.0,,,0.0,0.0,11.0,0.0,0.0,0.0,0.0,0.0,0.0,0.0,0.0,,0.0,0.0,0.0,0.0,18.0,0.0,0.0,13.0,,26.0,0.0,32.0,0.0,25.0,0.0,2.0,,0.0,0.0,9.0,24.0,9.0,0.0,18.0,,,0.0,0.0,,24.0,23.0,0.0,0.0,0.0,0.0,0.0,,16.0,0.0,23.0,8.0,0.0,12.0,0.0,0.0,1979.0,0.0,35.0,0.0,0.0,0.0,0.0,0.0,0.0,0.0,0.0,,,0.0,0.0,17.0,26.0,,194.0,,,0.0,0.0,0.0,
2009-14,0.0,0.0,0.0,23.0,0.0,0.0,,0.0,19.0,0.0,0.0,,147.0,0.0,0.0,2.0,,,0.0,,0.0,137.0,0.0,9.0,0.0,0.0,0.0,16.0,8.0,0.0,0.0,0.0,0.0,,55.0,22.0,24.0,51.0,41.0,0.0,0.0,37.0,223.0,,0.0,0.0,0.0,0.0,42.0,48.0,0.0,0.0,0.0,0.0,0.0,0.0,,12.0,136.0,96.0,0.0,,0.0,,0.0,,22.0,0.0,0.0,0.0,0.0,6.0,42.0,158.0,0.0,0.0,0.0,0.0,7.0,,0.0,0.0,15.0,,0.0,13.0,0.0,21.0,224.0,0.0,0.0,0.0,19.0,811.0,0.0,52.0,17.0,10.0,8.0,,45.0,0.0,14.0,12.0,21.0,0.0,39.0,,0.0,,65.0,,0.0,68.0,0.0,0.0,0.0,,0.0,,0.0,0.0,10.0,0.0,0.0,0.0,0.0,0.0,0.0,0.0,0.0,14.0,18.0,0.0,0.0,0.0,19.0,0.0,0.0,29.0,0.0,0.0,0.0,0.0,0.0,0.0,30.0,,0.0,7.0,66.0,0.0,0.0,0.0,25.0,0.0,0.0,,30.0,46.0,0.0,0.0,28.0,0.0,13.0,0.0,0.0,0.0,0.0,0.0,0.0,,0.0,0.0,0.0,0.0,0.0,0.0,274.0,16.0,1030.0,0.0,0.0,,14.0,0.0,12.0,28.0,0.0,0.0,20.0,,0.0,0.0,,,26.0,13.0,0.0,1901.0,0.0,0.0,0.0,0.0,0.0,18.0,0.0,0.0,15.0,0.0,0.0,0.0,0.0,23.0,,0.0,59.0,43.0,0.0,0.0,0.0,18.0,0.0,0.0,0.0,0.0,,0.0,18.0,0.0,15.0,26.0,0.0,0.0,0.0,0.0,0.0,88.0,80.0,22.0,26.0,106.0,0.0,,16.0,0.0,14.0,43.0,,0.0,23602.0,0.0,0.0,0.0,16.0,,,675.0,0.0,0.0,145.0,41.0,0.0,6.0,0.0,0.0,0.0,131.0,29.0,8.0,28.0,17.0,19.0,39.0,30.0,,0.0,35.0,,31.0,238.0,0.0,0.0,0.0,59.0,0.0,0.0,18.0,2.0,0.0,0.0,0.0,0.0,19.0,,0.0,,,0.0,0.0,8.0,0.0,0.0,0.0,0.0,0.0,0.0,0.0,0.0,,0.0,0.0,0.0,0.0,19.0,0.0,0.0,8.0,,44.0,0.0,41.0,0.0,22.0,0.0,5.0,,0.0,0.0,11.0,31.0,14.0,0.0,21.0,,,0.0,0.0,,43.0,15.0,0.0,0.0,0.0,0.0,0.0,,14.0,0.0,18.0,9.0,0.0,15.0,0.0,0.0,1653.0,0.0,23.0,0.0,0.0,0.0,0.0,0.0,0.0,0.0,0.0,,,0.0,0.0,18.0,28.0,,177.0,,,0.0,0.0,0.0,
2009-15,0.0,0.0,0.0,16.0,0.0,0.0,,0.0,17.0,0.0,0.0,,134.0,0.0,0.0,1.0,,,0.0,,0.0,95.0,0.0,7.0,0.0,0.0,0.0,20.0,15.0,0.0,0.0,0.0,0.0,,43.0,21.0,35.0,65.0,39.0,0.0,0.0,27.0,198.0,,0.0,0.0,0.0,0.0,30.0,41.0,0.0,0.0,0.0,0.0,0.0,0.0,,13.0,111.0,80.0,0.0,,0.0,,0.0,,35.0,0.0,0.0,0.0,0.0,12.0,26.0,175.0,0.0,0.0,0.0,0.0,8.0,,0.0,0.0,12.0,,0.0,11.0,0.0,16.0,88.0,0.0,0.0,0.0,20.0,675.0,0.0,48.0,18.0,16.0,6.0,,43.0,0.0,12.0,8.0,18.0,0.0,32.0,,0.0,,41.0,,0.0,66.0,0.0,0.0,0.0,,0.0,,0.0,0.0,5.0,0.0,0.0,0.0,0.0,0.0,0.0,0.0,0.0,12.0,8.0,0.0,0.0,0.0,21.0,0.0,0.0,24.0,0.0,0.0,0.0,0.0,0.0,0.0,33.0,,0.0,9.0,49.0,0.0,0.0,0.0,21.0,0.0,0.0,,19.0,45.0,2.0,0.0,17.0,0.0,5.0,0.0,0.0,0.0,0.0,0.0,0.0,,0.0,0.0,0.0,0.0,0.0,0.0,220.0,8.0,733.0,0.0,0.0,,6.0,0.0,5.0,21.0,0.0,0.0,11.0,,0.0,0.0,,,23.0,11.0,0.0,2554.0,0.0,0.0,0.0,0.0,0.0,4.0,0.0,0.0,4.0,0.0,0.0,0.0,0.0,10.0,,0.0,63.0,29.0,0.0,0.0,0.0,7.0,0.0,0.0,0.0,0.0,,0.0,6.0,0.0,10.0,19.0,0.0,0.0,0.0,0.0,0.0,32.0,67.0,49.0,18.0,60.0,0.0,,15.0,0.0,12.0,55.0,,0.0,2826.0,0.0,0.0,0.0,14.0,,,558.0,0.0,0.0,141.0,61.0,0.0,1.0,0.0,0.0,0.0,118.0,19.0,15.0,28.0,15.0,19.0,33.0,22.0,,0.0,33.0,,32.0,238.0,0.0,0.0,0.0,46.0,0.0,0.0,15.0,10.0,0.0,0.0,0.0,0.0,15.0,,0.0,,,0.0,0.0,9.0,0.0,0.0,0.0,0.0,0.0,0.0,0.0,0.0,,0.0,0.0,0.0,0.0,13.0,0.0,0.0,11.0,,13.0,0.0,25.0,0.0,29.0,0.0,4.0,,0.0,0.0,9.0,31.0,11.0,0.0,19.0,,,0.0,0.0,,35.0,22.0,0.0,0.0,0.0,0.0,0.0,,29.0,0.0,15.0,8.0,0.0,15.0,0.0,0.0,1460.0,0.0,20.0,0.0,0.0,0.0,0.0,0.0,0.0,0.0,0.0,,,0.0,0.0,19.0,30.0,,183.0,,,0.0,0.0,0.0,
2009-16,0.0,0.0,0.0,18.0,0.0,0.0,,0.0,18.0,0.0,0.0,,157.0,0.0,0.0,1.0,,,0.0,,0.0,154.0,0.0,6.0,0.0,0.0,0.0,25.0,19.0,0.0,0.0,0.0,0.0,,49.0,32.0,37.0,48.0,28.0,0.0,0.0,47.0,224.0,,0.0,0.0,0.0,0.0,53.0,62.0,0.0,0.0,0.0,0.0,0.0,0.0,,14.0,173.0,113.0,0.0,,0.0,,0.0,,34.0,0.0,0.0,0.0,0.0,5.0,39.0,215.0,0.0,0.0,0.0,0.0,5.0,,0.0,0.0,14.0,,0.0,12.0,0.0,25.0,88.0,0.0,0.0,0.0,24.0,783.0,0.0,60.0,25.0,15.0,7.0,,51.0,0.0,18.0,11.0,22.0,0.0,34.0,,0.0,,53.0,,0.0,98.0,0.0,0.0,0.0,,0.0,,0.0,0.0,12.0,0.0,0.0,0.0,0.0,0.0,0.0,0.0,0.0,16.0,13.0,0.0,0.0,0.0,25.0,0.0,0.0,31.0,0.0,0.0,0.0,0.0,0.0,0.0,46.0,,0.0,5.0,73.0,0.0,0.0,0.0,23.0,0.0,0.0,,25.0,82.0,1.0,0.0,71.0,0.0,10.0,0.0,0.0,0.0,0.0,0.0,0.0,,0.0,0.0,0.0,0.0,0.0,0.0,204.0,12.0,1498.0,0.0,0.0,,14.0,0.0,9.0,19.0,0.0,0.0,10.0,,0.0,0.0,,,37.0,10.0,0.0,2028.0,0.0,0.0,0.0,0.0,0.0,14.0,0.0,0.0,17.0,0.0,0.0,0.0,0.0,14.0,,0.0,67.0,37.0,0.0,0.0,0.0,18.0,0.0,0.0,0.0,0.0,,0.0,12.0,0.0,11.0,22.0,0.0,0.0,0.0,0.0,0.0,30.0,99.0,34.0,24.0,82.0,0.0,,18.0,0.0,18.0,49.0,,0.0,2393.0,0.0,0.0,0.0,18.0,,,570.0,0.0,0.0,135.0,69.0,0.0,5.0,0.0,0.0,0.0,124.0,31.0,15.0,41.0,15.0,31.0,25.0,32.0,,0.0,30.0,,53.0,296.0,0.0,0.0,0.0,50.0,0.0,0.0,22.0,5.0,0.0,0.0,0.0,0.0,14.0,,0.0,,,0.0,0.0,9.0,0.0,0.0,0.0,0.0,0.0,0.0,0.0,0.0,,0.0,0.0,0.0,0.0,17.0,0.0,0.0,13.0,,34.0,0.0,34.0,0.0,35.0,0.0,6.0,,0.0,0.0,10.0,28.0,16.0,0.0,24.0,,,0.0,0.0,,28.0,12.0,0.0,0.0,0.0,0.0,0.0,,16.0,0.0,19.0,15.0,0.0,11.0,0.0,0.0,1488.0,0.0,35.0,0.0,0.0,0.0,0.0,0.0,1.0,0.0,0.0,,,0.0,0.0,19.0,52.0,,214.0,,,0.0,0.0,0.0,
2009-17,0.0,0.0,0.0,18.0,0.0,0.0,,0.0,13.0,0.0,0.0,,194.0,135.0,0.0,1.0,,,0.0,,0.0,143.0,0.0,12.0,0.0,0.0,0.0,13.0,17.0,0.0,0.0,3.0,0.0,,42.0,24.0,42.0,47.0,29.0,0.0,0.0,40.0,193.0,,0.0,0.0,0.0,0.0,67.0,59.0,0.0,0.0,0.0,0.0,0.0,0.0,,15.0,125.0,98.0,0.0,,0.0,,0.0,,62.0,0.0,0.0,0.0,0.0,14.0,25.0,131.0,0.0,0.0,0.0,0.0,9.0,,0.0,0.0,12.0,,0.0,10.0,0.0,23.0,94.0,0.0,0.0,0.0,23.0,739.0,0.0,44.0,12.0,14.0,8.0,,58.0,0.0,8.0,19.0,33.0,0.0,35.0,,0.0,,50.0,,0.0,109.0,0.0,0.0,0.0,,0.0,,0.0,0.0,15.0,0.0,0.0,0.0,0.0,0.0,0.0,0.0,0.0,13.0,20.0,0.0,0.0,0.0,25.0,0.0,0.0,30.0,0.0,0.0,0.0,0.0,0.0,0.0,53.0,,0.0,11.0,52.0,0.0,0.0,0.0,28.0,0.0,0.0,,18.0,46.0,2.0,0.0,25.0,0.0,10.0,0.0,0.0,0.0,0.0,0.0,0.0,,0.0,0.0,0.0,0.0,0.0,0.0,371.0,15.0,1462.0,0.0,0.0,,10.0,0.0,8.0,24.0,0.0,0.0,11.0,,0.0,0.0,,,20.0,13.0,0.0,1749.0,0.0,0.0,0.0,0.0,0.0,11.0,0.0,0.0,12.0,0.0,0.0,0.0,0.0,14.0,,0.0,42.0,28.0,0.0,0.0,0.0,16.0,0.0,0.0,0.0,0.0,,0.0,7.0,0.0,16.0,20.0,0.0,0.0,0.0,0.0,0.0,22.0,112.0,37.0,25.0,74.0,0.0,,15.0,0.0,19.0,63.0,,0.0,2264.0,0.0,0.0,0.0,27.0,,,879.0,0.0,0.0,152.0,57.0,0.0,2.0,0.0,0.0,0.0,106.0,25.0,9.0,32.0,18.0,27.0,20.0,37.0,,0.0,40.0,,55.0,294.0,0.0,0.0,0.0,38.0,0.0,0.0,24.0,10.0,0.0,0.0,0.0,0.0,18.0,,0.0,,,0.0,0.0,12.0,0.0,0.0,0.0,0.0,0.0,0.0,0.0,0.0,,0.0,0.0,0.0,0.0,13.0,0.0,0.0,7.0,,27.0,0.0,84.0,0.0,25.0,0.0,5.0,,0.0,0.0,10.0,15.0,10.0,0.0,26.0,,,0.0,0.0,,26.0,15.0,0.0,0.0,0.0,0.0,0.0,,13.0,0.0,16.0,10.0,0.0,14.0,0.0,0.0,1471.0,0.0,14.0,0.0,0.0,0.0,0.0,0.0,0.0,0.0,0.0,,,0.0,0.0,13.0,34.0,,212.0,,,0.0,0.0,0.0,
2009-18,0.0,0.0,0.0,17.0,0.0,0.0,,0.0,23.0,0.0,0.0,,5587.0,136.0,0.0,1.0,,,0.0,,0.0,188.0,0.0,6.0,0.0,0.0,0.0,23.0,8.0,0.0,0.0,0.0,0.0,,48.0,28.0,42.0,52.0,41.0,0.0,0.0,28.0,199.0,,0.0,0.0,0.0,0.0,47.0,50.0,0.0,0.0,0.0,0.0,0.0,0.0,,10.0,157.0,111.0,0.0,,0.0,,0.0,,29.0,0.0,0.0,0.0,0.0,10.0,34.0,128.0,0.0,0.0,0.0,0.0,7.0,,0.0,0.0,13.0,,0.0,13.0,0.0,28.0,91.0,0.0,0.0,0.0,22.0,853.0,0.0,54.0,20.0,9.0,8.0,,48.0,0.0,9.0,7.0,28.0,0.0,29.0,,0.0,,64.0,,0.0,83.0,0.0,0.0,0.0,,0.0,,0.0,0.0,6.0,0.0,0.0,0.0,0.0,0.0,0.0,0.0,0.0,11.0,16.0,0.0,0.0,0.0,20.0,0.0,0.0,27.0,0.0,0.0,0.0,0.0,0.0,0.0,39.0,,0.0,6.0,55.0,0.0,0.0,0.0,27.0,0.0,0.0,,30.0,34.0,0.0,0.0,17.0,0.0,8.0,0.0,0.0,0.0,0.0,0.0,0.0,,0.0,0.0,0.0,0.0,0.0,0.0,236.0,10.0,1053.0,0.0,0.0,,7.0,0.0,5.0,16.0,0.0,0.0,9.0,,0.0,0.0,,,29.0,10.0,0.0,1685.0,0.0,0.0,0.0,0.0,0.0,6.0,0.0,0.0,14.0,0.0,0.0,0.0,0.0,10.0,,0.0,50.0,36.0,0.0,0.0,0.0,17.0,0.0,0.0,0.0,0.0,,0.0,13.0,0.0,5.0,28.0,0.0,0.0,0.0,0.0,0.0,47.0,113.0,65.0,16.0,83.0,0.0,,11.0,0.0,14.0,35.0,,0.0,2536.0,0.0,0.0,0.0,17.0,,,756.0,0.0,0.0,134.0,63.0,0.0,6.0,0.0,0.0,0.0,109.0,30.0,9.0,22.0,14.0,26.0,26.0,35.0,,0.0,43.0,,43.0,272.0,0.0,0.0,0.0,37.0,0.0,0.0,18.0,7.0,0.0,0.0,0.0,0.0,14.0,,0.0,,,0.0,0.0,7.0,0.0,0.0,0.0,0.0,0.0,0.0,0.0,0.0,,0.0,0.0,0.0,0.0,9.0,0.0,0.0,17.0,,28.0,0.0,37.0,0.0,35.0,0.0,5.0,,0.0,0.0,9.0,25.0,12.0,0.0,20.0,,,0.0,0.0,,23.0,17.0,0.0,1.0,0.0,0.0,0.0,,14.0,0.0,17.0,11.0,0.0,10.0,0.0,0.0,1589.0,0.0,18.0,0.0,0.0,0.0,0.0,0.0,0.0,0.0,0.0,,,0.0,0.0,16.0,45.0,,189.0,,,0.0,0.0,0.0,
2009-19,0.0,0.0,0.0,17.0,0.0,0.0,,0.0,30.0,0.0,0.0,,118.0,129.0,0.0,1.0,,,0.0,,0.0,146.0,0.0,12.0,0.0,0.0,0.0,18.0,14.0,0.0,0.0,0.0,0.0,,36.0,17.0,29.0,53.0,49.0,0.0,0.0,35.0,205.0,,0.0,0.0,0.0,0.0,50.0,57.0,0.0,0.0,0.0,0.0,0.0,0.0,,16.0,108.0,85.0,0.0,,0.0,,0.0,,30.0,0.0,0.0,0.0,0.0,9.0,37.0,121.0,0.0,0.0,0.0,0.0,7.0,,0.0,0.0,12.0,,0.0,8.0,0.0,19.0,92.0,0.0,0.0,0.0,24.0,903.0,0.0,57.0,14.0,13.0,12.0,,50.0,0.0,11.0,12.0,35.0,0.0,42.0,,0.0,,76.0,,0.0,74.0,0.0,0.0,0.0,,0.0,,0.0,0.0,9.0,0.0,0.0,0.0,0.0,0.0,0.0,0.0,0.0,13.0,20.0,0.0,0.0,0.0,28.0,0.0,0.0,29.0,0.0,0.0,0.0,0.0,0.0,0.0,45.0,,0.0,6.0,44.0,0.0,0.0,0.0,17.0,0.0,0.0,,22.0,46.0,3.0,0.0,18.0,0.0,8.0,0.0,0.0,0.0,0.0,0.0,0.0,,0.0,0.0,0.0,0.0,0.0,0.0,277.0,14.0,1299.0,0.0,0.0,,13.0,0.0,7.0,24.0,0.0,0.0,12.0,,0.0,0.0,,,22.0,14.0,0.0,2054.0,0.0,0.0,0.0,0.0,0.0,12.0,0.0,0.0,12.0,0.0,0.0,0.0,0.0,17.0,,0.0,45.0,35.0,0.0,0.0,0.0,15.0,0.0,0.0,0.0,0.0,,0.0,10.0,0.0,10.0,25.0,0.0,0.0,0.0,0.0,0.0,25.0,87.0,66.0,21.0,145.0,0.0,,11.0,0.0,15.0,54.0,,0.0,2248.0,0.0,0.0,0.0,24.0,,,747.0,0.0,0.0,126.0,69.0,0.0,6.0,0.0,0.0,0.0,149.0,24.0,12.0,23.0,30.0,16.0,30.0,23.0,,0.0,37.0,,51.0,303.0,0.0,0.0,0.0,39.0,0.0,0.0,17.0,9.0,0.0,0.0,0.0,0.0,19.0,,0.0,,,0.0,0.0,6.0,0.0,0.0,0.0,0.0,0.0,0.0,0.0,0.0,,0.0,0.0,0.0,0.0,16.0,0.0,0.0,22.0,,35.0,0.0,61.0,0.0,27.0,0.0,12.0,,0.0,0.0,11.0,24.0,11.0,0.0,16.0,,,0.0,0.0,,20.0,20.0,0.0,0.0,0.0,0.0,0.0,,16.0,0.0,14.0,8.0,0.0,25.0,0.0,0.0,2467.0,0.0,32.0,0.0,0.0,0.0,0.0,0.0,1.0,0.0,0.0,,,0.0,0.0,13.0,47.0,,189.0,,,0.0,0.0,0.0,
2009-20,0.0,0.0,0.0,15.0,0.0,0.0,,0.0,23.0,0.0,0.0,,168.0,157.0,0.0,1.0,,,0.0,,0.0,151.0,0.0,13.0,0.0,0.0,0.0,22.0,14.0,0.0,0.0,0.0,0.0,,55.0,26.0,40.0,48.0,43.0,0.0,0.0,24.0,210.0,,0.0,0.0,0.0,0.0,60.0,53.0,0.0,0.0,0.0,0.0,0.0,0.0,,12.0,136.0,79.0,0.0,,0.0,,0.0,,37.0,0.0,0.0,0.0,0.0,31.0,35.0,168.0,0.0,0.0,0.0,0.0,9.0,,0.0,0.0,12.0,,0.0,8.0,0.0,25.0,64.0,0.0,0.0,0.0,38.0,978.0,0.0,55.0,15.0,16.0,9.0,,46.0,0.0,17.0,19.0,20.0,0.0,20.0,,0.0,,88.0,,0.0,75.0,0.0,0.0,0.0,,0.0,,0.0,0.0,7.0,0.0,0.0,0.0,0.0,0.0,0.0,0.0,0.0,10.0,18.0,0.0,0.0,0.0,15.0,0.0,0.0,39.0,0.0,0.0,0.0,0.0,0.0,0.0,76.0,,0.0,9.0,57.0,0.0,0.0,0.0,41.0,0.0,0.0,,30.0,37.0,2.0,0.0,15.0,0.0,13.0,0.0,0.0,0.0,0.0,0.0,0.0,,0.0,0.0,0.0,0.0,0.0,0.0,207.0,15.0,2031.0,0.0,0.0,,12.0,0.0,9.0,23.0,0.0,0.0,20.0,,0.0,0.0,,,28.0,19.0,0.0,2219.0,0.0,0.0,0.0,0.0,0.0,9.0,0.0,0.0,15.0,0.0,0.0,0.0,0.0,16.0,,0.0,46.0,32.0,0.0,0.0,0.0,19.0,0.0,0.0,0.0,0.0,,0.0,9.0,0.0,17.0,26.0,0.0,0.0,0.0,0.0,0.0,27.0,94.0,61.0,34.0,117.0,0.0,,15.0,0.0,17.0,54.0,,0.0,2484.0,0.0,0.0,0.0,14.0,,,785.0,0.0,0.0,151.0,132.0,0.0,3.0,0.0,0.0,0.0,143.0,38.0,14.0,44.0,19.0,27.0,37.0,24.0,,0.0,46.0,,41.0,234.0,0.0,0.0,0.0,60.0,0.0,0.0,19.0,9.0,0.0,0.0,0.0,0.0,25.0,,0.0,,,0.0,0.0,13.0,0.0,0.0,0.0,0.0,0.0,0.0,0.0,0.0,,0.0,0.0,0.0,0.0,24.0,0.0,0.0,14.0,,30.0,0.0,41.0,0.0,34.0,0.0,13.0,,0.0,0.0,8.0,27.0,15.0,0.0,22.0,,,0.0,0.0,,22.0,11.0,0.0,0.0,0.0,0.0,0.0,,18.0,0.0,19.0,12.0,0.0,9.0,0.0,0.0,1997.0,0.0,31.0,0.0,0.0,0.0,0.0,0.0,0.0,0.0,0.0,,,0.0,0.0,13.0,44.0,,233.0,,,0.0,0.0,0.0,
2009-21,0.0,0.0,0.0,12.0,0.0,0.0,,0.0,20.0,0.0,0.0,,144.0,128.0,0.0,0.0,,,0.0,,0.0,105.0,0.0,8.0,0.0,0.0,0.0,18.0,12.0,0.0,0.0,0.0,0.0,,43.0,27.0,30.0,48.0,44.0,0.0,0.0,23.0,189.0,,0.0,0.0,0.0,0.0,38.0,52.0,0.0,0.0,0.0,0.0,0.0,0.0,,11.0,116.0,96.0,0.0,,0.0,,0.0,,38.0,0.0,0.0,0.0,0.0,16.0,35.0,171.0,0.0,0.0,0.0,0.0,7.0,,0.0,0.0,13.0,,0.0,8.0,0.0,15.0,73.0,0.0,0.0,0.0,19.0,810.0,0.0,88.0,24.0,16.0,8.0,,59.0,0.0,12.0,15.0,29.0,0.0,27.0,,0.0,,62.0,,0.0,93.0,0.0,0.0,0.0,,0.0,,0.0,0.0,8.0,0.0,0.0,0.0,0.0,0.0,0.0,0.0,0.0,18.0,9.0,0.0,0.0,0.0,30.0,0.0,0.0,41.0,0.0,0.0,0.0,0.0,0.0,0.0,41.0,,0.0,6.0,41.0,0.0,0.0,0.0,15.0,0.0,0.0,,28.0,53.0,0.0,0.0,11.0,0.0,18.0,0.0,0.0,0.0,0.0,0.0,0.0,,0.0,0.0,0.0,0.0,0.0,0.0,226.0,16.0,2979.0,0.0,0.0,,12.0,0.0,7.0,11.0,0.0,0.0,15.0,,0.0,0.0,,,27.0,14.0,0.0,2336.0,0.0,0.0,0.0,0.0,0.0,12.0,0.0,0.0,12.0,0.0,0.0,0.0,0.0,17.0,,0.0,46.0,27.0,0.0,0.0,2.0,9.0,0.0,0.0,0.0,0.0,,0.0,10.0,0.0,16.0,22.0,0.0,0.0,0.0,0.0,0.0,24.0,73.0,36.0,28.0,105.0,0.0,,14.0,0.0,8.0,50.0,,0.0,1926.0,0.0,0.0,0.0,13.0,,,688.0,0.0,0.0,117.0,65.0,0.0,1.0,0.0,0.0,0.0,111.0,28.0,11.0,17.0,15.0,27.0,39.0,22.0,,0.0,31.0,,30.0,286.0,0.0,0.0,0.0,44.0,0.0,1.0,22.0,8.0,0.0,0.0,0.0,0.0,20.0,,0.0,,,0.0,0.0,14.0,0.0,0.0,0.0,0.0,0.0,0.0,0.0,0.0,,0.0,0.0,0.0,0.0,19.0,0.0,0.0,15.0,,20.0,0.0,45.0,0.0,14.0,0.0,7.0,,0.0,0.0,11.0,16.0,10.0,0.0,23.0,,,0.0,0.0,,20.0,22.0,0.0,0.0,0.0,0.0,0.0,,14.0,0.0,12.0,8.0,0.0,26.0,0.0,0.0,1585.0,0.0,18.0,0.0,0.0,0.0,0.0,0.0,0.0,0.0,0.0,,,0.0,0.0,16.0,24.0,,214.0,,,0.0,0.0,0.0,
2009-22,0.0,0.0,0.0,24.0,0.0,0.0,,0.0,25.0,0.0,0.0,,136.0,147.0,0.0,0.0,,,0.0,,0.0,74.0,0.0,18.0,0.0,0.0,0.0,20.0,8.0,0.0,0.0,0.0,0.0,,56.0,35.0,47.0,57.0,35.0,0.0,0.0,35.0,205.0,,0.0,0.0,0.0,0.0,54.0,40.0,0.0,0.0,0.0,0.0,0.0,0.0,,9.0,142.0,86.0,0.0,,0.0,,0.0,,34.0,0.0,0.0,0.0,0.0,15.0,40.0,145.0,0.0,0.0,0.0,0.0,8.0,,0.0,0.0,19.0,,0.0,13.0,0.0,24.0,77.0,0.0,0.0,0.0,29.0,759.0,0.0,55.0,29.0,11.0,9.0,,36.0,0.0,18.0,13.0,30.0,0.0,26.0,,0.0,,63.0,,0.0,111.0,0.0,0.0,0.0,,0.0,,0.0,0.0,7.0,0.0,0.0,0.0,0.0,0.0,0.0,0.0,0.0,13.0,11.0,0.0,0.0,0.0,20.0,0.0,0.0,33.0,0.0,0.0,0.0,0.0,0.0,0.0,38.0,,0.0,12.0,54.0,0.0,0.0,0.0,29.0,0.0,0.0,,28.0,40.0,4.0,0.0,16.0,0.0,11.0,0.0,0.0,0.0,0.0,0.0,0.0,,0.0,0.0,0.0,0.0,0.0,0.0,271.0,9.0,3141.0,0.0,0.0,,12.0,0.0,4.0,18.0,0.0,0.0,17.0,,0.0,0.0,,,15.0,11.0,0.0,2896.0,0.0,0.0,0.0,0.0,0.0,12.0,0.0,0.0,11.0,0.0,0.0,0.0,0.0,13.0,,0.0,34.0,43.0,0.0,0.0,2.0,19.0,0.0,0.0,0.0,0.0,,0.0,7.0,0.0,13.0,137.0,0.0,0.0,0.0,0.0,0.0,26.0,83.0,63.0,20.0,100.0,0.0,,15.0,0.0,14.0,55.0,,0.0,1963.0,0.0,0.0,0.0,20.0,,,701.0,0.0,0.0,178.0,73.0,0.0,2.0,0.0,0.0,0.0,120.0,21.0,3.0,19.0,15.0,39.0,22.0,33.0,,0.0,33.0,,48.0,292.0,0.0,0.0,0.0,45.0,0.0,0.0,15.0,10.0,0.0,0.0,0.0,0.0,18.0,,0.0,,,0.0,0.0,2.0,0.0,0.0,0.0,0.0,0.0,0.0,0.0,0.0,,0.0,0.0,0.0,0.0,16.0,0.0,0.0,22.0,,30.0,0.0,33.0,0.0,24.0,0.0,3.0,,0.0,0.0,16.0,26.0,22.0,0.0,23.0,,,0.0,0.0,,24.0,10.0,0.0,0.0,0.0,0.0,0.0,,12.0,0.0,11.0,5.0,0.0,18.0,0.0,0.0,1534.0,0.0,23.0,0.0,0.0,0.0,0.0,0.0,0.0,0.0,0.0,,,0.0,0.0,13.0,64.0,,210.0,,,0.0,0.0,0.0,
2009-23,0.0,0.0,0.0,24.0,0.0,0.0,,1.0,28.0,0.0,0.0,,124.0,123.0,0.0,1.0,,,0.0,,0.0,121.0,0.0,15.0,0.0,0.0,0.0,25.0,18.0,0.0,0.0,0.0,0.0,,55.0,36.0,44.0,90.0,61.0,0.0,0.0,29.0,200.0,,0.0,0.0,0.0,0.0,42.0,55.0,0.0,0.0,0.0,0.0,0.0,0.0,,16.0,134.0,119.0,0.0,,0.0,,0.0,,22.0,0.0,0.0,0.0,0.0,3.0,39.0,133.0,0.0,0.0,0.0,0.0,11.0,,0.0,0.0,21.0,,0.0,12.0,0.0,26.0,64.0,0.0,0.0,0.0,24.0,756.0,0.0,58.0,22.0,13.0,19.0,,36.0,0.0,17.0,17.0,34.0,0.0,40.0,,0.0,,72.0,,0.0,94.0,0.0,0.0,0.0,,0.0,,0.0,0.0,13.0,0.0,0.0,0.0,0.0,0.0,0.0,0.0,0.0,20.0,20.0,0.0,0.0,0.0,22.0,0.0,0.0,20.0,0.0,0.0,0.0,0.0,0.0,0.0,61.0,,0.0,18.0,53.0,0.0,0.0,0.0,27.0,0.0,0.0,,21.0,48.0,3.0,0.0,28.0,0.0,15.0,0.0,0.0,0.0,0.0,0.0,0.0,,0.0,0.0,0.0,0.0,0.0,0.0,286.0,17.0,7158.0,0.0,0.0,,16.0,0.0,11.0,21.0,0.0,0.0,17.0,,0.0,0.0,,,28.0,17.0,0.0,2077.0,0.0,0.0,0.0,0.0,0.0,15.0,0.0,0.0,18.0,0.0,0.0,0.0,0.0,12.0,,0.0,35.0,34.0,0.0,0.0,0.0,18.0,0.0,0.0,0.0,0.0,,0.0,20.0,0.0,20.0,60.0,0.0,0.0,0.0,0.0,0.0,37.0,150.0,59.0,23.0,107.0,0.0,,19.0,0.0,22.0,52.0,,0.0,5102.0,0.0,0.0,0.0,24.0,,,708.0,0.0,0.0,138.0,92.0,0.0,2.0,0.0,0.0,0.0,112.0,32.0,17.0,29.0,17.0,36.0,45.0,32.0,,0.0,49.0,,42.0,310.0,0.0,0.0,0.0,40.0,0.0,0.0,20.0,12.0,0.0,0.0,0.0,0.0,36.0,,0.0,,,0.0,0.0,11.0,0.0,0.0,0.0,0.0,0.0,0.0,0.0,0.0,,0.0,0.0,0.0,0.0,22.0,0.0,0.0,30.0,,33.0,0.0,34.0,0.0,27.0,0.0,4.0,,0.0,0.0,16.0,19.0,22.0,0.0,23.0,,,0.0,0.0,,152.0,22.0,0.0,0.0,0.0,0.0,0.0,,20.0,0.0,18.0,16.0,0.0,25.0,0.0,0.0,1635.0,0.0,24.0,0.0,0.0,0.0,0.0,0.0,0.0,0.0,0.0,,,0.0,0.0,21.0,40.0,,206.0,,,0.0,0.0,0.0,
2009-24,0.0,0.0,0.0,15.0,0.0,0.0,,0.0,19.0,0.0,0.0,,142.0,83.0,0.0,2.0,,,0.0,,0.0,102.0,0.0,8.0,0.0,0.0,0.0,24.0,8.0,0.0,0.0,0.0,0.0,,46.0,30.0,33.0,56.0,41.0,0.0,0.0,35.0,222.0,,0.0,0.0,0.0,0.0,44.0,51.0,0.0,0.0,0.0,0.0,0.0,0.0,,8.0,150.0,72.0,0.0,,0.0,,0.0,,39.0,0.0,0.0,0.0,0.0,5.0,37.0,124.0,0.0,0.0,0.0,0.0,5.0,,0.0,0.0,13.0,,0.0,9.0,0.0,25.0,50.0,0.0,0.0,0.0,14.0,760.0,0.0,62.0,17.0,7.0,5.0,,43.0,0.0,10.0,6.0,22.0,0.0,32.0,,0.0,,91.0,,0.0,95.0,0.0,0.0,0.0,,0.0,,0.0,0.0,12.0,0.0,0.0,0.0,0.0,0.0,0.0,0.0,0.0,10.0,8.0,0.0,0.0,0.0,24.0,0.0,0.0,27.0,0.0,0.0,0.0,0.0,0.0,0.0,43.0,,0.0,4.0,45.0,0.0,0.0,0.0,81.0,0.0,0.0,,16.0,29.0,3.0,0.0,13.0,0.0,5.0,0.0,0.0,0.0,0.0,0.0,0.0,,0.0,0.0,0.0,0.0,0.0,0.0,291.0,5.0,1347.0,0.0,0.0,,18.0,0.0,8.0,16.0,0.0,0.0,8.0,,0.0,0.0,,,22.0,14.0,0.0,2356.0,0.0,0.0,0.0,0.0,0.0,10.0,0.0,0.0,4.0,0.0,0.0,0.0,0.0,10.0,,0.0,29.0,29.0,0.0,0.0,0.0,10.0,0.0,0.0,0.0,0.0,,0.0,8.0,0.0,3.0,17.0,0.0,0.0,0.0,0.0,0.0,34.0,140.0,70.0,15.0,97.0,0.0,,6.0,0.0,9.0,60.0,,0.0,2584.0,0.0,0.0,0.0,11.0,,,845.0,0.0,0.0,118.0,68.0,0.0,2.0,0.0,0.0,0.0,120.0,35.0,10.0,19.0,15.0,31.0,29.0,31.0,,0.0,39.0,,54.0,219.0,0.0,0.0,0.0,33.0,0.0,0.0,21.0,2.0,0.0,0.0,0.0,0.0,16.0,,0.0,,,0.0,0.0,4.0,0.0,0.0,0.0,0.0,0.0,0.0,0.0,0.0,,0.0,0.0,0.0,0.0,9.0,0.0,0.0,12.0,,25.0,0.0,36.0,0.0,31.0,0.0,7.0,,3.0,0.0,7.0,25.0,11.0,0.0,23.0,,,0.0,0.0,,20.0,17.0,0.0,0.0,0.0,0.0,0.0,,14.0,0.0,11.0,9.0,0.0,7.0,0.0,0.0,1762.0,0.0,21.0,0.0,0.0,0.0,0.0,0.0,0.0,0.0,0.0,,,0.0,0.0,10.0,31.0,,202.0,,,1.0,0.0,0.0,
2009-25,0.0,0.0,0.0,17.0,0.0,0.0,,0.0,17.0,0.0,0.0,,129.0,120.0,0.0,0.0,,,0.0,,0.0,99.0,0.0,8.0,0.0,0.0,0.0,21.0,11.0,0.0,0.0,0.0,0.0,,37.0,14.0,32.0,54.0,34.0,0.0,0.0,49.0,200.0,,0.0,0.0,0.0,0.0,50.0,48.0,0.0,0.0,0.0,0.0,0.0,0.0,,9.0,181.0,100.0,0.0,,0.0,,0.0,,26.0,0.0,0.0,0.0,0.0,8.0,49.0,164.0,0.0,0.0,0.0,0.0,3.0,,0.0,0.0,14.0,,0.0,5.0,0.0,15.0,62.0,0.0,0.0,0.0,23.0,850.0,0.0,67.0,20.0,12.0,5.0,,65.0,0.0,8.0,11.0,26.0,0.0,32.0,,0.0,,75.0,,0.0,94.0,0.0,0.0,0.0,,0.0,,0.0,0.0,15.0,0.0,0.0,0.0,0.0,0.0,0.0,0.0,0.0,5.0,10.0,0.0,0.0,0.0,15.0,0.0,0.0,24.0,0.0,0.0,0.0,0.0,0.0,0.0,42.0,,0.0,9.0,49.0,0.0,0.0,0.0,34.0,0.0,0.0,,19.0,45.0,2.0,0.0,12.0,0.0,7.0,0.0,0.0,0.0,0.0,0.0,0.0,,0.0,0.0,0.0,0.0,0.0,0.0,290.0,8.0,1408.0,0.0,0.0,,9.0,0.0,7.0,16.0,0.0,0.0,7.0,,0.0,0.0,,,19.0,8.0,0.0,2004.0,0.0,0.0,0.0,0.0,0.0,8.0,0.0,0.0,7.0,0.0,0.0,0.0,0.0,7.0,,0.0,25.0,26.0,0.0,0.0,0.0,12.0,0.0,0.0,0.0,0.0,,0.0,4.0,0.0,12.0,26.0,0.0,0.0,0.0,0.0,0.0,28.0,104.0,83.0,22.0,87.0,0.0,,8.0,0.0,8.0,61.0,,0.0,2414.0,0.0,0.0,0.0,22.0,,,763.0,0.0,0.0,189.0,61.0,0.0,3.0,0.0,0.0,0.0,114.0,26.0,11.0,12.0,16.0,29.0,28.0,19.0,,0.0,32.0,,48.0,245.0,0.0,0.0,0.0,44.0,0.0,0.0,22.0,6.0,0.0,0.0,0.0,0.0,12.0,,0.0,,,0.0,0.0,7.0,0.0,0.0,0.0,0.0,0.0,0.0,0.0,0.0,,0.0,0.0,0.0,0.0,5.0,0.0,0.0,20.0,,33.0,0.0,40.0,0.0,35.0,0.0,5.0,,0.0,0.0,5.0,17.0,11.0,0.0,25.0,,,0.0,0.0,,22.0,19.0,0.0,0.0,0.0,0.0,0.0,,9.0,0.0,18.0,8.0,0.0,9.0,0.0,0.0,2020.0,0.0,20.0,0.0,0.0,0.0,0.0,0.0,0.0,0.0,0.0,,,0.0,0.0,25.0,30.0,,186.0,,,0.0,0.0,0.0,
2009-26,0.0,0.0,0.0,11.0,0.0,0.0,,0.0,27.0,0.0,0.0,,152.0,145.0,0.0,1.0,,,0.0,,0.0,85.0,0.0,14.0,0.0,0.0,0.0,14.0,5.0,0.0,0.0,0.0,0.0,,48.0,36.0,44.0,53.0,38.0,0.0,0.0,45.0,223.0,,0.0,0.0,0.0,0.0,60.0,48.0,0.0,0.0,0.0,0.0,0.0,0.0,,10.0,134.0,98.0,0.0,,0.0,,52.0,,34.0,0.0,0.0,0.0,0.0,15.0,37.0,138.0,0.0,0.0,0.0,0.0,7.0,,0.0,0.0,7.0,,0.0,5.0,0.0,31.0,88.0,0.0,0.0,0.0,24.0,874.0,0.0,53.0,12.0,10.0,7.0,,63.0,0.0,7.0,10.0,20.0,0.0,26.0,,0.0,,85.0,,0.0,98.0,0.0,0.0,0.0,,0.0,,0.0,0.0,16.0,0.0,0.0,0.0,0.0,0.0,0.0,0.0,0.0,12.0,16.0,0.0,0.0,0.0,16.0,0.0,0.0,29.0,0.0,0.0,0.0,0.0,0.0,0.0,53.0,,0.0,6.0,59.0,0.0,0.0,0.0,22.0,0.0,0.0,,39.0,62.0,3.0,0.0,18.0,0.0,9.0,0.0,0.0,0.0,0.0,0.0,0.0,,0.0,0.0,0.0,0.0,0.0,0.0,295.0,11.0,1412.0,0.0,0.0,,4.0,0.0,8.0,14.0,0.0,0.0,23.0,,0.0,0.0,,,33.0,11.0,0.0,1833.0,0.0,0.0,0.0,0.0,0.0,7.0,0.0,0.0,11.0,0.0,0.0,0.0,0.0,13.0,,0.0,27.0,36.0,0.0,0.0,0.0,13.0,0.0,0.0,0.0,0.0,,0.0,5.0,0.0,14.0,13.0,0.0,0.0,0.0,0.0,0.0,26.0,75.0,64.0,38.0,101.0,0.0,,13.0,0.0,13.0,67.0,,0.0,2997.0,0.0,0.0,0.0,19.0,,,892.0,0.0,0.0,129.0,55.0,0.0,4.0,0.0,0.0,0.0,96.0,25.0,6.0,13.0,26.0,17.0,31.0,29.0,,0.0,33.0,,47.0,322.0,0.0,0.0,0.0,39.0,0.0,0.0,18.0,3.0,0.0,0.0,0.0,0.0,15.0,,0.0,,,0.0,0.0,7.0,0.0,1.0,0.0,0.0,0.0,0.0,0.0,0.0,,0.0,0.0,0.0,0.0,7.0,0.0,0.0,27.0,,36.0,0.0,26.0,0.0,41.0,0.0,1.0,,0.0,0.0,5.0,30.0,8.0,0.0,23.0,,,0.0,0.0,,27.0,16.0,0.0,0.0,0.0,0.0,0.0,,14.0,0.0,13.0,7.0,0.0,48.0,0.0,0.0,1928.0,0.0,21.0,0.0,0.0,0.0,0.0,0.0,0.0,0.0,0.0,,,0.0,0.0,14.0,29.0,,216.0,,,1.0,0.0,0.0,
2009-27,0.0,0.0,0.0,11.0,0.0,0.0,,0.0,18.0,0.0,0.0,,3146.0,128.0,0.0,0.0,,,0.0,,0.0,78.0,0.0,15.0,0.0,0.0,0.0,24.0,12.0,0.0,0.0,0.0,0.0,,61.0,19.0,35.0,62.0,28.0,0.0,0.0,50.0,188.0,,0.0,0.0,0.0,0.0,60.0,39.0,0.0,0.0,0.0,0.0,0.0,0.0,,8.0,172.0,107.0,0.0,,0.0,,21.0,,28.0,0.0,0.0,0.0,0.0,12.0,37.0,136.0,0.0,0.0,0.0,0.0,4.0,,0.0,0.0,9.0,,0.0,5.0,0.0,26.0,92.0,0.0,0.0,0.0,24.0,730.0,0.0,51.0,12.0,8.0,8.0,,42.0,0.0,7.0,11.0,26.0,0.0,32.0,,0.0,,62.0,,0.0,82.0,0.0,0.0,0.0,,0.0,,0.0,0.0,10.0,0.0,0.0,0.0,0.0,0.0,0.0,0.0,0.0,12.0,11.0,0.0,0.0,0.0,12.0,0.0,0.0,37.0,0.0,0.0,0.0,0.0,0.0,0.0,37.0,,0.0,7.0,45.0,0.0,0.0,0.0,21.0,0.0,0.0,,21.0,71.0,2.0,0.0,17.0,0.0,11.0,0.0,0.0,0.0,0.0,0.0,0.0,,0.0,0.0,0.0,0.0,0.0,0.0,292.0,12.0,956.0,0.0,0.0,,13.0,0.0,6.0,18.0,0.0,0.0,16.0,,0.0,0.0,,,19.0,17.0,0.0,2042.0,0.0,0.0,0.0,0.0,0.0,6.0,0.0,0.0,12.0,0.0,0.0,0.0,0.0,18.0,,0.0,22.0,28.0,0.0,0.0,0.0,17.0,0.0,0.0,0.0,0.0,,0.0,9.0,0.0,8.0,12.0,0.0,0.0,0.0,0.0,0.0,25.0,65.0,80.0,27.0,91.0,0.0,,6.0,0.0,7.0,54.0,,0.0,2818.0,0.0,0.0,0.0,18.0,,,774.0,0.0,0.0,127.0,75.0,0.0,4.0,0.0,0.0,0.0,120.0,35.0,6.0,30.0,16.0,23.0,41.0,18.0,,0.0,40.0,,45.0,246.0,0.0,0.0,0.0,54.0,0.0,0.0,18.0,5.0,0.0,0.0,0.0,0.0,27.0,,0.0,,,0.0,0.0,5.0,0.0,1.0,0.0,0.0,0.0,0.0,0.0,0.0,,0.0,0.0,0.0,0.0,13.0,0.0,0.0,22.0,,21.0,0.0,43.0,0.0,32.0,0.0,4.0,,0.0,0.0,9.0,22.0,17.0,0.0,31.0,,,0.0,0.0,,20.0,13.0,0.0,0.0,0.0,0.0,0.0,,16.0,0.0,20.0,7.0,0.0,10.0,0.0,0.0,1596.0,0.0,20.0,0.0,0.0,0.0,0.0,0.0,1.0,0.0,0.0,,,0.0,0.0,12.0,24.0,,206.0,,,0.0,0.0,0.0,
2009-28,0.0,0.0,0.0,13.0,0.0,0.0,,0.0,29.0,0.0,0.0,,114.0,130.0,0.0,0.0,,,0.0,,0.0,124.0,0.0,6.0,0.0,0.0,0.0,14.0,10.0,0.0,0.0,0.0,0.0,,34.0,16.0,30.0,49.0,36.0,0.0,0.0,49.0,211.0,,0.0,0.0,0.0,0.0,33.0,47.0,0.0,0.0,0.0,0.0,0.0,0.0,,7.0,214.0,111.0,0.0,,0.0,,12.0,,32.0,0.0,0.0,0.0,0.0,8.0,49.0,150.0,0.0,0.0,0.0,0.0,4.0,,0.0,0.0,13.0,,0.0,12.0,0.0,15.0,99.0,0.0,0.0,0.0,34.0,1259.0,0.0,64.0,10.0,11.0,6.0,,52.0,0.0,14.0,3.0,26.0,0.0,36.0,,0.0,,80.0,,0.0,117.0,0.0,0.0,0.0,,0.0,,0.0,0.0,5.0,0.0,0.0,0.0,0.0,0.0,0.0,0.0,0.0,12.0,11.0,0.0,0.0,0.0,20.0,0.0,0.0,19.0,0.0,0.0,0.0,0.0,0.0,0.0,32.0,,0.0,9.0,46.0,0.0,0.0,0.0,19.0,0.0,0.0,,22.0,54.0,2.0,0.0,12.0,0.0,2.0,0.0,0.0,0.0,0.0,0.0,0.0,,0.0,0.0,0.0,0.0,0.0,0.0,292.0,13.0,1286.0,0.0,0.0,,13.0,0.0,6.0,20.0,0.0,0.0,10.0,,0.0,0.0,,,9.0,9.0,0.0,2275.0,0.0,0.0,0.0,0.0,0.0,12.0,0.0,0.0,4.0,0.0,0.0,0.0,0.0,12.0,,0.0,30.0,35.0,0.0,0.0,1.0,13.0,0.0,0.0,0.0,0.0,,0.0,6.0,0.0,6.0,19.0,0.0,0.0,0.0,0.0,0.0,25.0,87.0,49.0,12.0,114.0,0.0,,10.0,0.0,16.0,40.0,,0.0,3701.0,0.0,0.0,0.0,29.0,,,703.0,0.0,0.0,105.0,75.0,0.0,1.0,0.0,0.0,0.0,108.0,30.0,7.0,31.0,11.0,16.0,18.0,25.0,,0.0,21.0,,49.0,264.0,0.0,0.0,0.0,55.0,0.0,0.0,13.0,4.0,0.0,0.0,0.0,0.0,14.0,,0.0,,,0.0,0.0,5.0,0.0,0.0,1.0,0.0,0.0,0.0,0.0,0.0,,0.0,0.0,0.0,0.0,16.0,0.0,0.0,19.0,,20.0,0.0,107.0,0.0,40.0,0.0,5.0,,0.0,0.0,9.0,14.0,10.0,0.0,23.0,,,0.0,0.0,,25.0,8.0,0.0,1.0,0.0,0.0,0.0,,14.0,0.0,15.0,7.0,0.0,34.0,0.0,0.0,1607.0,0.0,21.0,0.0,0.0,0.0,0.0,0.0,0.0,0.0,0.0,,,0.0,0.0,8.0,39.0,,360.0,,,1.0,0.0,0.0,
2009-29,0.0,0.0,0.0,8.0,0.0,0.0,,0.0,16.0,0.0,0.0,,150.0,119.0,0.0,1.0,,,0.0,,0.0,101.0,0.0,12.0,0.0,0.0,0.0,24.0,11.0,0.0,0.0,0.0,0.0,,39.0,28.0,39.0,60.0,44.0,0.0,0.0,37.0,213.0,,0.0,0.0,0.0,0.0,59.0,44.0,0.0,0.0,0.0,0.0,0.0,0.0,,11.0,145.0,106.0,0.0,,0.0,,17.0,,30.0,0.0,0.0,0.0,0.0,7.0,65.0,166.0,0.0,0.0,0.0,0.0,5.0,,0.0,0.0,15.0,,0.0,9.0,0.0,16.0,90.0,0.0,0.0,0.0,29.0,797.0,0.0,78.0,11.0,3.0,9.0,,47.0,0.0,16.0,11.0,30.0,0.0,31.0,,0.0,,81.0,,0.0,88.0,0.0,0.0,0.0,,0.0,,0.0,0.0,10.0,0.0,0.0,0.0,0.0,0.0,0.0,0.0,0.0,15.0,5.0,0.0,0.0,0.0,24.0,0.0,0.0,39.0,0.0,0.0,0.0,0.0,0.0,0.0,39.0,,0.0,5.0,56.0,0.0,0.0,0.0,18.0,0.0,0.0,,43.0,48.0,0.0,0.0,13.0,0.0,8.0,0.0,0.0,0.0,0.0,0.0,0.0,,0.0,0.0,0.0,0.0,0.0,0.0,275.0,5.0,1102.0,0.0,0.0,,9.0,0.0,6.0,26.0,0.0,0.0,14.0,,0.0,0.0,,,14.0,17.0,0.0,1844.0,0.0,0.0,0.0,0.0,0.0,13.0,0.0,0.0,5.0,0.0,0.0,0.0,0.0,9.0,,0.0,45.0,34.0,0.0,0.0,0.0,21.0,0.0,0.0,0.0,0.0,,0.0,10.0,0.0,5.0,15.0,0.0,0.0,0.0,0.0,0.0,51.0,72.0,37.0,16.0,105.0,0.0,,9.0,0.0,10.0,67.0,,0.0,2138.0,0.0,0.0,0.0,21.0,,,717.0,0.0,0.0,117.0,61.0,0.0,2.0,0.0,0.0,0.0,157.0,34.0,6.0,35.0,15.0,22.0,31.0,47.0,,0.0,30.0,,41.0,249.0,0.0,0.0,0.0,55.0,0.0,0.0,20.0,6.0,0.0,0.0,0.0,0.0,24.0,,0.0,,,0.0,0.0,4.0,0.0,0.0,0.0,0.0,0.0,0.0,0.0,0.0,,0.0,0.0,0.0,0.0,11.0,0.0,0.0,30.0,,20.0,0.0,45.0,0.0,41.0,0.0,14.0,,0.0,0.0,6.0,21.0,12.0,0.0,25.0,,,0.0,0.0,,25.0,15.0,0.0,0.0,0.0,0.0,0.0,,17.0,0.0,17.0,8.0,0.0,34.0,0.0,0.0,1632.0,0.0,27.0,0.0,0.0,0.0,0.0,0.0,0.0,0.0,0.0,,,0.0,0.0,24.0,34.0,,248.0,,,2.0,0.0,0.0,
2009-30,0.0,0.0,0.0,17.0,0.0,0.0,,0.0,23.0,0.0,0.0,,111.0,101.0,0.0,1.0,,,0.0,,0.0,104.0,0.0,12.0,0.0,0.0,3.0,21.0,12.0,0.0,0.0,0.0,0.0,,42.0,27.0,31.0,98.0,46.0,0.0,0.0,43.0,215.0,,0.0,0.0,0.0,0.0,55.0,48.0,0.0,0.0,0.0,0.0,0.0,0.0,,11.0,148.0,113.0,0.0,,0.0,,8.0,,26.0,0.0,0.0,0.0,0.0,5.0,47.0,153.0,0.0,0.0,0.0,0.0,10.0,,0.0,0.0,18.0,,0.0,9.0,0.0,16.0,85.0,0.0,0.0,0.0,17.0,779.0,0.0,58.0,10.0,11.0,13.0,,40.0,0.0,7.0,10.0,29.0,0.0,36.0,,0.0,,49.0,,0.0,84.0,0.0,0.0,0.0,,0.0,,0.0,0.0,5.0,0.0,0.0,0.0,0.0,0.0,0.0,0.0,0.0,7.0,11.0,0.0,0.0,0.0,29.0,0.0,0.0,22.0,0.0,0.0,0.0,0.0,0.0,0.0,27.0,,0.0,5.0,53.0,0.0,0.0,0.0,25.0,0.0,0.0,,31.0,57.0,2.0,0.0,13.0,0.0,9.0,0.0,0.0,0.0,0.0,0.0,0.0,,0.0,0.0,0.0,0.0,0.0,0.0,207.0,10.0,881.0,0.0,0.0,,10.0,0.0,6.0,19.0,0.0,0.0,16.0,,0.0,0.0,,,20.0,12.0,0.0,1899.0,0.0,0.0,0.0,0.0,0.0,11.0,0.0,0.0,8.0,0.0,0.0,0.0,0.0,10.0,,0.0,39.0,38.0,0.0,0.0,0.0,13.0,0.0,0.0,0.0,0.0,,0.0,9.0,0.0,5.0,18.0,0.0,0.0,0.0,0.0,0.0,18.0,95.0,27.0,15.0,103.0,0.0,,21.0,0.0,12.0,47.0,,0.0,2681.0,0.0,0.0,0.0,18.0,,,845.0,0.0,0.0,105.0,54.0,0.0,1.0,0.0,0.0,0.0,143.0,25.0,7.0,30.0,27.0,23.0,19.0,30.0,,0.0,31.0,,51.0,318.0,0.0,0.0,0.0,70.0,0.0,0.0,25.0,5.0,0.0,0.0,0.0,0.0,26.0,,0.0,,,0.0,0.0,6.0,0.0,0.0,0.0,0.0,0.0,0.0,0.0,0.0,,0.0,0.0,0.0,0.0,7.0,0.0,0.0,19.0,,33.0,0.0,26.0,0.0,30.0,0.0,4.0,,0.0,0.0,7.0,25.0,9.0,0.0,48.0,,,0.0,0.0,,26.0,22.0,0.0,0.0,0.0,0.0,0.0,,12.0,0.0,12.0,6.0,0.0,8.0,0.0,0.0,1540.0,0.0,18.0,0.0,0.0,0.0,0.0,0.0,0.0,0.0,0.0,,,0.0,0.0,14.0,29.0,,179.0,,,0.0,0.0,0.0,
2009-31,0.0,0.0,0.0,7.0,0.0,0.0,,0.0,12.0,0.0,0.0,,106.0,104.0,0.0,0.0,,,0.0,,0.0,100.0,0.0,10.0,0.0,0.0,0.0,30.0,7.0,0.0,0.0,0.0,0.0,,37.0,39.0,47.0,91.0,40.0,0.0,0.0,36.0,226.0,,0.0,0.0,0.0,0.0,43.0,37.0,0.0,0.0,0.0,0.0,0.0,0.0,,10.0,185.0,134.0,0.0,,0.0,,10.0,,15.0,0.0,0.0,0.0,0.0,4.0,66.0,185.0,0.0,0.0,0.0,0.0,1.0,,0.0,0.0,5.0,,0.0,9.0,0.0,9.0,51.0,0.0,0.0,0.0,24.0,769.0,0.0,42.0,14.0,2.0,3.0,,44.0,0.0,6.0,14.0,15.0,0.0,23.0,,0.0,,65.0,,0.0,101.0,0.0,0.0,0.0,,0.0,,0.0,0.0,10.0,0.0,0.0,0.0,0.0,0.0,0.0,0.0,0.0,3.0,7.0,0.0,0.0,0.0,17.0,0.0,0.0,23.0,0.0,0.0,0.0,0.0,0.0,0.0,27.0,,0.0,7.0,51.0,0.0,0.0,0.0,20.0,0.0,0.0,,30.0,44.0,1.0,0.0,6.0,0.0,7.0,0.0,0.0,0.0,0.0,0.0,0.0,,0.0,0.0,0.0,0.0,0.0,0.0,245.0,7.0,881.0,0.0,0.0,,8.0,0.0,3.0,11.0,0.0,0.0,13.0,,0.0,0.0,,,15.0,12.0,0.0,1682.0,0.0,0.0,0.0,0.0,0.0,12.0,0.0,0.0,9.0,0.0,0.0,0.0,0.0,9.0,,0.0,24.0,32.0,0.0,0.0,0.0,11.0,0.0,0.0,0.0,0.0,,0.0,5.0,0.0,9.0,15.0,0.0,0.0,0.0,0.0,0.0,25.0,98.0,36.0,21.0,101.0,0.0,,7.0,0.0,12.0,65.0,,0.0,2143.0,0.0,0.0,0.0,12.0,,,1179.0,0.0,0.0,78.0,78.0,0.0,4.0,0.0,0.0,0.0,140.0,31.0,11.0,36.0,15.0,15.0,20.0,28.0,,0.0,22.0,,29.0,291.0,0.0,0.0,0.0,52.0,0.0,0.0,15.0,3.0,0.0,0.0,0.0,0.0,11.0,,0.0,,,0.0,0.0,4.0,0.0,0.0,0.0,0.0,0.0,0.0,0.0,0.0,,0.0,0.0,0.0,0.0,10.0,0.0,0.0,19.0,,29.0,0.0,23.0,0.0,21.0,0.0,5.0,,0.0,0.0,5.0,15.0,12.0,0.0,19.0,,,0.0,0.0,,19.0,18.0,0.0,0.0,0.0,0.0,0.0,,13.0,0.0,10.0,11.0,0.0,11.0,0.0,0.0,1540.0,0.0,14.0,0.0,0.0,0.0,0.0,0.0,0.0,0.0,0.0,,,0.0,0.0,10.0,22.0,,205.0,,,7.0,0.0,0.0,
2009-32,0.0,0.0,0.0,9.0,0.0,0.0,,0.0,14.0,0.0,0.0,,134.0,99.0,0.0,0.0,,,0.0,,0.0,97.0,0.0,7.0,0.0,0.0,0.0,17.0,10.0,0.0,0.0,0.0,0.0,,45.0,21.0,40.0,80.0,31.0,0.0,0.0,26.0,228.0,,0.0,0.0,0.0,0.0,34.0,46.0,0.0,0.0,0.0,0.0,0.0,0.0,,11.0,150.0,111.0,0.0,,0.0,,10.0,,33.0,0.0,0.0,0.0,0.0,10.0,62.0,223.0,0.0,0.0,0.0,0.0,8.0,,0.0,0.0,12.0,,0.0,5.0,0.0,9.0,73.0,0.0,0.0,0.0,27.0,668.0,0.0,48.0,13.0,9.0,2.0,,53.0,0.0,6.0,11.0,24.0,0.0,18.0,,0.0,,64.0,,0.0,113.0,0.0,0.0,0.0,,0.0,,0.0,0.0,8.0,0.0,0.0,0.0,0.0,0.0,0.0,0.0,0.0,10.0,14.0,0.0,0.0,0.0,11.0,0.0,0.0,30.0,0.0,0.0,0.0,0.0,0.0,0.0,34.0,,0.0,15.0,62.0,0.0,0.0,0.0,27.0,0.0,0.0,,31.0,54.0,0.0,0.0,10.0,0.0,11.0,0.0,0.0,0.0,0.0,0.0,0.0,,0.0,0.0,0.0,0.0,0.0,0.0,298.0,12.0,800.0,0.0,0.0,,9.0,0.0,8.0,18.0,0.0,0.0,6.0,,0.0,0.0,,,16.0,5.0,0.0,1827.0,0.0,0.0,0.0,0.0,0.0,8.0,0.0,3.0,12.0,0.0,0.0,0.0,0.0,13.0,,0.0,35.0,32.0,0.0,0.0,0.0,9.0,0.0,0.0,0.0,0.0,,0.0,13.0,0.0,9.0,24.0,0.0,0.0,0.0,0.0,0.0,23.0,91.0,28.0,16.0,84.0,0.0,,7.0,0.0,10.0,42.0,,0.0,2453.0,0.0,0.0,0.0,19.0,,,672.0,0.0,0.0,90.0,64.0,0.0,1.0,0.0,0.0,0.0,166.0,22.0,12.0,37.0,14.0,28.0,26.0,15.0,,0.0,25.0,,31.0,416.0,0.0,0.0,0.0,35.0,0.0,0.0,17.0,5.0,0.0,0.0,0.0,0.0,14.0,,0.0,,,0.0,0.0,2.0,0.0,0.0,0.0,0.0,0.0,0.0,0.0,0.0,,0.0,0.0,0.0,0.0,6.0,0.0,0.0,35.0,,29.0,0.0,15.0,0.0,30.0,0.0,4.0,,0.0,0.0,13.0,19.0,27.0,0.0,30.0,,,0.0,0.0,,19.0,15.0,0.0,0.0,0.0,0.0,0.0,,16.0,0.0,8.0,7.0,0.0,13.0,0.0,0.0,2392.0,0.0,18.0,0.0,0.0,0.0,0.0,0.0,0.0,0.0,0.0,,,0.0,0.0,14.0,30.0,,171.0,,,2.0,0.0,0.0,
2009-33,0.0,0.0,0.0,19.0,0.0,0.0,,0.0,19.0,0.0,0.0,,206.0,77.0,0.0,0.0,,,0.0,,0.0,108.0,0.0,11.0,0.0,0.0,0.0,27.0,12.0,0.0,0.0,0.0,0.0,,51.0,31.0,47.0,58.0,38.0,0.0,0.0,37.0,228.0,,0.0,0.0,0.0,0.0,57.0,69.0,0.0,0.0,0.0,0.0,0.0,0.0,,16.0,181.0,147.0,0.0,,0.0,,10.0,,38.0,0.0,0.0,0.0,0.0,14.0,255.0,216.0,0.0,0.0,0.0,0.0,4.0,,0.0,0.0,11.0,,0.0,13.0,0.0,19.0,71.0,0.0,0.0,0.0,25.0,772.0,0.0,86.0,14.0,24.0,8.0,,41.0,0.0,8.0,9.0,31.0,0.0,25.0,,0.0,,58.0,,0.0,93.0,0.0,1.0,0.0,,0.0,,0.0,0.0,10.0,0.0,0.0,0.0,0.0,0.0,0.0,0.0,0.0,9.0,9.0,0.0,0.0,0.0,25.0,0.0,0.0,21.0,0.0,0.0,0.0,0.0,0.0,0.0,50.0,,0.0,10.0,52.0,0.0,1.0,0.0,24.0,0.0,0.0,,28.0,57.0,2.0,0.0,14.0,0.0,14.0,0.0,0.0,0.0,0.0,0.0,0.0,,0.0,0.0,0.0,0.0,0.0,0.0,220.0,11.0,879.0,0.0,0.0,,11.0,0.0,6.0,22.0,0.0,0.0,16.0,,0.0,0.0,,,12.0,18.0,0.0,1764.0,0.0,0.0,0.0,3.0,0.0,11.0,0.0,0.0,10.0,0.0,0.0,0.0,0.0,11.0,,0.0,39.0,30.0,0.0,0.0,0.0,17.0,0.0,0.0,0.0,0.0,,0.0,10.0,0.0,12.0,20.0,0.0,0.0,0.0,0.0,0.0,23.0,85.0,26.0,21.0,101.0,0.0,,19.0,0.0,21.0,64.0,,0.0,2155.0,0.0,0.0,0.0,23.0,,,583.0,0.0,0.0,88.0,70.0,0.0,4.0,0.0,0.0,0.0,215.0,18.0,7.0,30.0,18.0,22.0,30.0,17.0,,0.0,43.0,,42.0,438.0,0.0,0.0,0.0,34.0,0.0,0.0,17.0,3.0,0.0,0.0,0.0,0.0,19.0,,0.0,,,0.0,0.0,11.0,0.0,0.0,0.0,0.0,0.0,0.0,0.0,0.0,,0.0,0.0,0.0,0.0,29.0,0.0,0.0,79.0,,24.0,0.0,24.0,0.0,38.0,0.0,3.0,,0.0,0.0,11.0,24.0,16.0,0.0,22.0,,,0.0,0.0,,14.0,19.0,0.0,0.0,0.0,0.0,0.0,,11.0,0.0,22.0,14.0,0.0,21.0,0.0,0.0,1714.0,0.0,34.0,0.0,0.0,0.0,0.0,0.0,0.0,0.0,0.0,,,0.0,0.0,22.0,27.0,,206.0,,,1.0,0.0,0.0,
2009-34,0.0,0.0,0.0,19.0,0.0,0.0,,0.0,19.0,0.0,0.0,,186.0,99.0,0.0,1.0,,,0.0,,0.0,113.0,0.0,14.0,0.0,0.0,0.0,26.0,15.0,0.0,0.0,0.0,0.0,,61.0,22.0,45.0,68.0,34.0,0.0,1.0,39.0,185.0,,0.0,0.0,0.0,0.0,32.0,51.0,0.0,0.0,0.0,0.0,0.0,0.0,,42.0,178.0,147.0,0.0,,0.0,,10.0,,36.0,0.0,0.0,0.0,0.0,11.0,1153.0,241.0,0.0,0.0,0.0,0.0,6.0,,0.0,0.0,13.0,,0.0,30.0,0.0,15.0,66.0,0.0,0.0,0.0,14.0,829.0,0.0,60.0,19.0,11.0,5.0,,32.0,0.0,13.0,7.0,15.0,0.0,25.0,,0.0,,80.0,,0.0,84.0,0.0,0.0,0.0,,0.0,,0.0,0.0,10.0,0.0,0.0,0.0,0.0,0.0,0.0,0.0,0.0,11.0,22.0,0.0,0.0,0.0,18.0,0.0,0.0,22.0,0.0,0.0,0.0,0.0,0.0,0.0,42.0,,0.0,9.0,54.0,0.0,0.0,0.0,21.0,0.0,0.0,,19.0,58.0,1.0,0.0,7.0,0.0,7.0,0.0,1.0,0.0,0.0,0.0,0.0,,0.0,0.0,0.0,0.0,0.0,0.0,253.0,3.0,1005.0,0.0,0.0,,5.0,0.0,7.0,21.0,0.0,0.0,30.0,,0.0,0.0,,,13.0,41.0,0.0,2129.0,0.0,0.0,0.0,0.0,0.0,6.0,0.0,0.0,6.0,0.0,0.0,0.0,0.0,10.0,,0.0,32.0,24.0,0.0,0.0,0.0,124.0,0.0,0.0,0.0,0.0,,0.0,12.0,0.0,5.0,30.0,0.0,0.0,0.0,0.0,0.0,37.0,118.0,20.0,22.0,109.0,0.0,,64.0,0.0,24.0,42.0,,0.0,2015.0,0.0,0.0,0.0,18.0,,,562.0,0.0,0.0,97.0,63.0,0.0,11.0,0.0,0.0,0.0,155.0,23.0,13.0,26.0,13.0,23.0,21.0,31.0,,0.0,35.0,,48.0,421.0,0.0,0.0,0.0,29.0,0.0,0.0,18.0,7.0,0.0,0.0,0.0,0.0,20.0,,0.0,,,0.0,0.0,2.0,0.0,0.0,0.0,0.0,0.0,0.0,0.0,0.0,,0.0,0.0,0.0,0.0,52.0,0.0,0.0,174.0,,34.0,0.0,23.0,0.0,38.0,0.0,2.0,,0.0,0.0,6.0,28.0,6.0,0.0,14.0,,,0.0,0.0,,23.0,15.0,0.0,0.0,0.0,0.0,0.0,,13.0,0.0,23.0,6.0,0.0,16.0,0.0,0.0,1540.0,0.0,22.0,0.0,0.0,0.0,0.0,0.0,0.0,0.0,0.0,,,0.0,0.0,14.0,26.0,,201.0,,,0.0,0.0,0.0,
2009-35,0.0,0.0,0.0,15.0,0.0,0.0,,0.0,14.0,0.0,0.0,,8418.0,91.0,0.0,1.0,,,0.0,,0.0,99.0,0.0,6.0,0.0,0.0,0.0,22.0,14.0,0.0,0.0,0.0,0.0,,41.0,26.0,32.0,36.0,42.0,0.0,0.0,32.0,220.0,,0.0,0.0,0.0,0.0,59.0,44.0,0.0,0.0,0.0,0.0,0.0,0.0,,19.0,130.0,100.0,0.0,,0.0,,10.0,,29.0,0.0,0.0,0.0,0.0,3.0,121.0,209.0,0.0,0.0,0.0,0.0,6.0,,0.0,0.0,11.0,,0.0,15.0,0.0,21.0,51.0,0.0,0.0,0.0,29.0,828.0,0.0,58.0,14.0,18.0,7.0,,43.0,0.0,13.0,10.0,14.0,0.0,36.0,,0.0,,82.0,,0.0,164.0,0.0,0.0,0.0,,0.0,,0.0,0.0,5.0,0.0,0.0,0.0,0.0,0.0,0.0,0.0,0.0,13.0,16.0,0.0,0.0,0.0,40.0,0.0,0.0,23.0,0.0,0.0,0.0,0.0,0.0,0.0,49.0,,0.0,5.0,54.0,0.0,0.0,0.0,28.0,0.0,0.0,,29.0,48.0,2.0,0.0,13.0,0.0,16.0,0.0,0.0,0.0,0.0,0.0,0.0,,0.0,0.0,0.0,0.0,0.0,0.0,329.0,11.0,1009.0,0.0,0.0,,12.0,0.0,6.0,21.0,0.0,0.0,20.0,,0.0,0.0,,,13.0,9.0,0.0,2084.0,0.0,0.0,0.0,0.0,0.0,8.0,0.0,0.0,13.0,0.0,0.0,0.0,0.0,10.0,,0.0,25.0,25.0,0.0,0.0,0.0,19.0,0.0,0.0,0.0,0.0,,0.0,8.0,0.0,5.0,21.0,0.0,0.0,0.0,0.0,0.0,27.0,102.0,42.0,22.0,70.0,0.0,,24.0,0.0,19.0,47.0,,0.0,2028.0,0.0,0.0,0.0,23.0,,,538.0,0.0,0.0,109.0,72.0,0.0,1.0,0.0,0.0,0.0,199.0,28.0,6.0,31.0,18.0,23.0,20.0,23.0,,0.0,38.0,,54.0,306.0,0.0,0.0,0.0,41.0,0.0,0.0,22.0,5.0,0.0,0.0,0.0,0.0,21.0,,0.0,,,0.0,0.0,3.0,0.0,0.0,0.0,0.0,0.0,0.0,0.0,0.0,,0.0,0.0,0.0,0.0,15.0,0.0,0.0,38.0,,23.0,0.0,29.0,0.0,30.0,0.0,12.0,,0.0,0.0,9.0,28.0,8.0,0.0,30.0,,,0.0,0.0,,27.0,11.0,0.0,1.0,0.0,0.0,0.0,,17.0,0.0,8.0,5.0,0.0,11.0,0.0,0.0,1658.0,0.0,15.0,0.0,0.0,0.0,0.0,0.0,0.0,0.0,0.0,,,0.0,0.0,14.0,29.0,,211.0,,,0.0,0.0,0.0,
2009-36,0.0,0.0,0.0,18.0,0.0,0.0,,0.0,10.0,0.0,0.0,,122.0,91.0,0.0,0.0,,,0.0,,0.0,100.0,0.0,9.0,0.0,0.0,0.0,11.0,5.0,0.0,0.0,0.0,0.0,,49.0,10.0,22.0,64.0,30.0,0.0,0.0,55.0,320.0,,0.0,0.0,0.0,0.0,41.0,40.0,0.0,0.0,0.0,0.0,0.0,0.0,,12.0,127.0,123.0,0.0,,0.0,,7.0,,62.0,0.0,0.0,0.0,0.0,9.0,78.0,126.0,0.0,0.0,0.0,0.0,4.0,,0.0,0.0,9.0,,0.0,11.0,0.0,32.0,84.0,16.0,0.0,0.0,23.0,753.0,0.0,54.0,21.0,8.0,6.0,,47.0,0.0,5.0,7.0,22.0,0.0,22.0,,0.0,,82.0,,0.0,158.0,0.0,0.0,0.0,,0.0,,0.0,0.0,5.0,0.0,0.0,0.0,0.0,0.0,0.0,0.0,0.0,6.0,6.0,0.0,0.0,0.0,18.0,0.0,0.0,17.0,0.0,0.0,0.0,0.0,0.0,0.0,44.0,,0.0,9.0,43.0,0.0,0.0,0.0,34.0,0.0,0.0,,37.0,50.0,4.0,0.0,22.0,0.0,5.0,0.0,0.0,0.0,0.0,0.0,0.0,,0.0,0.0,0.0,0.0,0.0,0.0,398.0,11.0,1149.0,0.0,0.0,,6.0,0.0,8.0,30.0,0.0,0.0,19.0,,0.0,0.0,,,17.0,12.0,0.0,1951.0,0.0,0.0,0.0,0.0,0.0,10.0,0.0,0.0,11.0,0.0,0.0,0.0,0.0,17.0,,0.0,14.0,32.0,0.0,0.0,0.0,11.0,0.0,0.0,0.0,0.0,,0.0,17.0,0.0,10.0,19.0,0.0,0.0,0.0,0.0,0.0,17.0,100.0,47.0,27.0,100.0,0.0,,14.0,0.0,10.0,47.0,,0.0,1818.0,0.0,0.0,0.0,13.0,,,582.0,0.0,0.0,105.0,73.0,0.0,6.0,0.0,0.0,0.0,167.0,19.0,8.0,27.0,23.0,14.0,30.0,24.0,,0.0,40.0,,45.0,289.0,0.0,0.0,0.0,77.0,0.0,0.0,19.0,3.0,0.0,0.0,0.0,0.0,10.0,,0.0,,,0.0,0.0,6.0,0.0,0.0,0.0,0.0,0.0,0.0,0.0,0.0,,0.0,0.0,0.0,0.0,10.0,0.0,0.0,18.0,,24.0,0.0,17.0,0.0,46.0,0.0,3.0,,0.0,0.0,10.0,20.0,7.0,0.0,18.0,,,0.0,0.0,,22.0,16.0,0.0,0.0,0.0,0.0,0.0,,14.0,0.0,13.0,10.0,0.0,18.0,0.0,0.0,1559.0,0.0,26.0,0.0,0.0,0.0,0.0,0.0,0.0,0.0,0.0,,,0.0,0.0,13.0,25.0,,194.0,,,0.0,0.0,0.0,
2009-37,0.0,0.0,0.0,12.0,0.0,0.0,,0.0,18.0,0.0,0.0,,119.0,133.0,0.0,0.0,,,0.0,,0.0,128.0,0.0,11.0,0.0,0.0,0.0,25.0,19.0,0.0,0.0,0.0,0.0,,42.0,25.0,31.0,44.0,41.0,0.0,0.0,31.0,710.0,,0.0,0.0,0.0,0.0,39.0,61.0,0.0,0.0,0.0,0.0,0.0,0.0,,12.0,170.0,124.0,0.0,,0.0,,10.0,,51.0,0.0,0.0,0.0,0.0,5.0,109.0,136.0,0.0,32.0,0.0,0.0,12.0,,0.0,0.0,17.0,,0.0,9.0,0.0,27.0,87.0,23.0,0.0,0.0,27.0,724.0,0.0,61.0,22.0,15.0,6.0,,42.0,0.0,10.0,8.0,40.0,0.0,35.0,,0.0,,77.0,,0.0,121.0,0.0,0.0,0.0,,0.0,,0.0,0.0,7.0,0.0,0.0,0.0,0.0,0.0,0.0,0.0,0.0,13.0,14.0,0.0,0.0,0.0,34.0,0.0,0.0,37.0,0.0,0.0,0.0,0.0,0.0,0.0,61.0,,0.0,6.0,55.0,27.0,0.0,0.0,40.0,0.0,0.0,,18.0,71.0,2.0,0.0,27.0,0.0,12.0,0.0,4.0,0.0,0.0,0.0,0.0,,0.0,0.0,0.0,0.0,0.0,0.0,322.0,16.0,1028.0,0.0,0.0,,11.0,0.0,3.0,20.0,0.0,0.0,15.0,,0.0,0.0,,,19.0,15.0,0.0,1942.0,0.0,0.0,0.0,0.0,0.0,13.0,0.0,0.0,13.0,0.0,0.0,11.0,0.0,22.0,,0.0,35.0,31.0,0.0,0.0,0.0,22.0,0.0,0.0,0.0,0.0,,0.0,9.0,0.0,9.0,28.0,0.0,0.0,0.0,0.0,0.0,42.0,116.0,38.0,18.0,90.0,0.0,,15.0,0.0,12.0,91.0,,0.0,2231.0,0.0,0.0,0.0,19.0,,,619.0,0.0,0.0,90.0,72.0,0.0,4.0,0.0,0.0,0.0,143.0,17.0,14.0,16.0,14.0,25.0,22.0,25.0,,0.0,67.0,,51.0,459.0,0.0,0.0,0.0,36.0,0.0,0.0,13.0,7.0,0.0,0.0,0.0,0.0,14.0,,0.0,,,0.0,0.0,8.0,0.0,1.0,0.0,0.0,0.0,0.0,0.0,0.0,,0.0,0.0,0.0,0.0,7.0,0.0,0.0,33.0,,24.0,0.0,22.0,0.0,26.0,0.0,3.0,,0.0,0.0,7.0,17.0,18.0,0.0,16.0,,,0.0,0.0,,27.0,18.0,0.0,0.0,0.0,0.0,0.0,,18.0,0.0,13.0,7.0,0.0,17.0,0.0,0.0,1640.0,0.0,16.0,0.0,0.0,0.0,0.0,0.0,1.0,0.0,0.0,,,0.0,0.0,11.0,42.0,,198.0,,,0.0,0.0,0.0,
2009-38,0.0,0.0,0.0,26.0,0.0,0.0,,0.0,24.0,0.0,0.0,,117.0,192.0,0.0,0.0,,,0.0,,0.0,121.0,0.0,16.0,0.0,0.0,0.0,31.0,12.0,0.0,0.0,0.0,0.0,,52.0,29.0,34.0,46.0,46.0,0.0,0.0,59.0,503.0,,0.0,0.0,0.0,0.0,33.0,56.0,0.0,0.0,0.0,0.0,0.0,0.0,,14.0,162.0,135.0,0.0,,0.0,,16.0,,61.0,0.0,0.0,0.0,0.0,14.0,90.0,123.0,0.0,26.0,0.0,0.0,9.0,,0.0,0.0,9.0,,0.0,14.0,0.0,25.0,60.0,9.0,0.0,0.0,25.0,835.0,0.0,60.0,16.0,21.0,8.0,,40.0,1.0,12.0,8.0,25.0,0.0,32.0,,0.0,,64.0,,0.0,182.0,0.0,0.0,0.0,,0.0,,0.0,0.0,15.0,0.0,0.0,0.0,0.0,0.0,0.0,0.0,0.0,13.0,12.0,0.0,0.0,0.0,22.0,0.0,0.0,35.0,0.0,0.0,0.0,0.0,0.0,0.0,70.0,,0.0,11.0,49.0,19.0,0.0,0.0,41.0,0.0,0.0,,35.0,60.0,2.0,0.0,25.0,0.0,8.0,0.0,0.0,0.0,0.0,0.0,0.0,,0.0,0.0,0.0,0.0,0.0,0.0,308.0,14.0,1142.0,0.0,0.0,,18.0,0.0,11.0,35.0,0.0,0.0,19.0,,0.0,0.0,,,19.0,13.0,0.0,1918.0,0.0,0.0,0.0,0.0,0.0,6.0,0.0,0.0,13.0,0.0,0.0,23.0,0.0,19.0,,0.0,27.0,31.0,0.0,0.0,0.0,19.0,0.0,0.0,0.0,0.0,,0.0,15.0,0.0,11.0,24.0,0.0,0.0,0.0,0.0,0.0,40.0,89.0,36.0,17.0,89.0,0.0,,20.0,0.0,19.0,57.0,,0.0,2048.0,0.0,0.0,0.0,21.0,,,673.0,0.0,0.0,119.0,62.0,0.0,5.0,0.0,0.0,0.0,170.0,26.0,12.0,23.0,21.0,24.0,14.0,37.0,,0.0,63.0,,35.0,2609.0,0.0,0.0,0.0,36.0,0.0,0.0,18.0,4.0,0.0,0.0,0.0,0.0,17.0,,0.0,,,0.0,0.0,9.0,0.0,0.0,0.0,0.0,0.0,0.0,0.0,0.0,,0.0,0.0,0.0,0.0,12.0,0.0,0.0,28.0,,32.0,0.0,23.0,0.0,35.0,0.0,9.0,,0.0,0.0,10.0,15.0,18.0,0.0,20.0,,,0.0,0.0,,25.0,11.0,0.0,1.0,0.0,0.0,0.0,,13.0,0.0,20.0,13.0,0.0,18.0,0.0,0.0,1700.0,1.0,17.0,0.0,0.0,0.0,0.0,0.0,0.0,0.0,0.0,,,0.0,0.0,22.0,21.0,,206.0,,,3.0,0.0,0.0,
2009-39,0.0,0.0,0.0,18.0,0.0,0.0,,0.0,8.0,0.0,0.0,,115.0,119.0,0.0,1.0,,,0.0,,0.0,119.0,0.0,9.0,0.0,0.0,0.0,23.0,11.0,0.0,0.0,0.0,0.0,,53.0,20.0,34.0,75.0,57.0,0.0,0.0,34.0,468.0,,0.0,0.0,0.0,0.0,46.0,47.0,0.0,0.0,0.0,0.0,0.0,0.0,,14.0,130.0,101.0,0.0,,0.0,,11.0,,32.0,0.0,0.0,0.0,0.0,13.0,46.0,122.0,0.0,21.0,0.0,0.0,12.0,,0.0,0.0,13.0,,0.0,13.0,0.0,38.0,186.0,13.0,0.0,0.0,35.0,825.0,0.0,69.0,21.0,28.0,13.0,,37.0,0.0,11.0,10.0,26.0,0.0,24.0,,0.0,,56.0,,0.0,122.0,0.0,0.0,0.0,,0.0,,0.0,0.0,8.0,0.0,0.0,0.0,0.0,0.0,0.0,0.0,0.0,8.0,16.0,0.0,0.0,0.0,25.0,0.0,0.0,31.0,0.0,0.0,0.0,0.0,0.0,0.0,63.0,,0.0,10.0,44.0,24.0,0.0,0.0,25.0,0.0,0.0,,23.0,56.0,1.0,0.0,16.0,0.0,12.0,0.0,0.0,0.0,0.0,0.0,0.0,,0.0,0.0,0.0,0.0,0.0,0.0,276.0,11.0,1015.0,0.0,0.0,,10.0,0.0,8.0,36.0,0.0,0.0,18.0,,0.0,1.0,,,22.0,7.0,0.0,2301.0,0.0,0.0,0.0,0.0,0.0,16.0,0.0,0.0,10.0,0.0,0.0,14.0,0.0,13.0,,0.0,33.0,32.0,0.0,0.0,2.0,14.0,0.0,0.0,0.0,0.0,,0.0,12.0,0.0,16.0,27.0,0.0,0.0,0.0,0.0,0.0,36.0,124.0,48.0,31.0,102.0,0.0,,12.0,0.0,18.0,66.0,,0.0,1885.0,0.0,0.0,0.0,21.0,,,687.0,0.0,0.0,107.0,71.0,0.0,9.0,0.0,0.0,0.0,167.0,34.0,7.0,20.0,28.0,27.0,23.0,19.0,,0.0,60.0,,38.0,442.0,0.0,0.0,0.0,58.0,0.0,0.0,20.0,10.0,0.0,0.0,0.0,0.0,18.0,,0.0,,,0.0,0.0,5.0,0.0,0.0,0.0,0.0,0.0,0.0,0.0,0.0,,0.0,0.0,0.0,0.0,11.0,0.0,0.0,14.0,,35.0,0.0,27.0,0.0,17.0,0.0,7.0,,0.0,0.0,7.0,22.0,19.0,0.0,16.0,,,0.0,0.0,,22.0,11.0,0.0,0.0,0.0,0.0,0.0,,18.0,0.0,22.0,10.0,0.0,20.0,0.0,0.0,1650.0,1.0,20.0,0.0,0.0,0.0,0.0,0.0,0.0,0.0,0.0,,,0.0,0.0,25.0,28.0,,219.0,,,0.0,0.0,0.0,
2009-40,0.0,0.0,0.0,14.0,0.0,0.0,,0.0,18.0,0.0,0.0,,119.0,77.0,0.0,0.0,,,0.0,,0.0,110.0,0.0,14.0,0.0,0.0,0.0,28.0,8.0,1.0,0.0,0.0,0.0,,45.0,22.0,25.0,67.0,54.0,0.0,0.0,38.0,431.0,,0.0,0.0,0.0,0.0,55.0,30.0,0.0,0.0,0.0,0.0,0.0,0.0,,11.0,135.0,186.0,0.0,,0.0,,10.0,,37.0,0.0,0.0,0.0,0.0,4.0,81.0,109.0,0.0,40.0,0.0,0.0,7.0,,0.0,0.0,12.0,,0.0,9.0,0.0,46.0,77.0,12.0,0.0,0.0,21.0,874.0,0.0,61.0,18.0,22.0,6.0,,49.0,0.0,9.0,8.0,26.0,0.0,36.0,,0.0,,84.0,,0.0,129.0,0.0,0.0,0.0,,0.0,,0.0,0.0,4.0,0.0,0.0,0.0,0.0,0.0,0.0,0.0,0.0,13.0,18.0,0.0,0.0,0.0,30.0,0.0,0.0,33.0,0.0,0.0,0.0,0.0,0.0,0.0,58.0,,0.0,6.0,45.0,21.0,0.0,0.0,28.0,0.0,0.0,,30.0,55.0,1.0,0.0,18.0,0.0,11.0,0.0,1.0,0.0,0.0,0.0,0.0,,0.0,0.0,0.0,0.0,0.0,0.0,250.0,9.0,4754.0,0.0,0.0,,10.0,0.0,6.0,21.0,0.0,0.0,18.0,,0.0,0.0,,,18.0,10.0,0.0,2039.0,0.0,0.0,0.0,0.0,0.0,10.0,0.0,0.0,14.0,0.0,0.0,14.0,0.0,10.0,,0.0,43.0,35.0,0.0,0.0,0.0,17.0,0.0,0.0,0.0,0.0,,0.0,10.0,0.0,10.0,26.0,0.0,0.0,0.0,0.0,0.0,27.0,119.0,37.0,38.0,162.0,0.0,,16.0,0.0,27.0,55.0,,0.0,2477.0,0.0,0.0,0.0,305.0,,,635.0,0.0,0.0,151.0,60.0,0.0,12.0,0.0,0.0,0.0,162.0,22.0,9.0,50.0,15.0,30.0,22.0,31.0,,0.0,52.0,,36.0,331.0,0.0,0.0,0.0,54.0,0.0,0.0,16.0,11.0,0.0,0.0,0.0,0.0,16.0,,0.0,,,0.0,0.0,10.0,0.0,0.0,0.0,0.0,0.0,0.0,0.0,0.0,,0.0,0.0,0.0,0.0,13.0,0.0,0.0,30.0,,30.0,0.0,31.0,0.0,32.0,0.0,3.0,,0.0,0.0,10.0,28.0,7.0,0.0,23.0,,,0.0,0.0,,19.0,17.0,0.0,1.0,0.0,0.0,0.0,,6.0,0.0,20.0,10.0,0.0,21.0,0.0,0.0,1615.0,1.0,28.0,0.0,0.0,0.0,0.0,0.0,0.0,0.0,0.0,,,0.0,0.0,17.0,27.0,,215.0,,,2.0,0.0,0.0,
2009-41,0.0,0.0,0.0,19.0,0.0,0.0,,1.0,25.0,0.0,0.0,,127.0,70.0,0.0,2.0,,,0.0,,0.0,110.0,0.0,13.0,0.0,0.0,0.0,22.0,12.0,0.0,0.0,0.0,0.0,,49.0,18.0,23.0,72.0,55.0,0.0,0.0,43.0,345.0,,0.0,0.0,0.0,0.0,52.0,54.0,0.0,0.0,0.0,0.0,0.0,0.0,,15.0,132.0,150.0,0.0,,0.0,,7.0,,42.0,0.0,0.0,0.0,0.0,8.0,67.0,112.0,0.0,37.0,0.0,0.0,6.0,,0.0,0.0,7.0,,0.0,11.0,0.0,23.0,53.0,14.0,0.0,0.0,28.0,764.0,0.0,74.0,16.0,12.0,5.0,,43.0,0.0,10.0,5.0,21.0,0.0,35.0,,0.0,,97.0,,0.0,93.0,0.0,0.0,0.0,,0.0,,0.0,0.0,13.0,0.0,0.0,0.0,0.0,0.0,0.0,0.0,0.0,15.0,10.0,0.0,0.0,0.0,21.0,0.0,0.0,31.0,0.0,0.0,0.0,0.0,0.0,0.0,43.0,,0.0,9.0,39.0,16.0,0.0,0.0,38.0,0.0,0.0,,19.0,76.0,1.0,0.0,18.0,0.0,11.0,0.0,0.0,0.0,0.0,0.0,0.0,,0.0,0.0,0.0,0.0,0.0,0.0,303.0,13.0,1473.0,0.0,0.0,,11.0,0.0,9.0,26.0,0.0,0.0,14.0,,0.0,0.0,,,22.0,7.0,0.0,2068.0,0.0,0.0,0.0,0.0,0.0,9.0,0.0,0.0,15.0,0.0,0.0,12.0,0.0,5.0,,0.0,37.0,21.0,0.0,0.0,0.0,17.0,0.0,0.0,0.0,0.0,,0.0,9.0,0.0,9.0,24.0,0.0,0.0,0.0,0.0,0.0,17.0,89.0,41.0,27.0,125.0,0.0,,12.0,0.0,36.0,52.0,,0.0,2461.0,0.0,0.0,0.0,30.0,,,868.0,0.0,0.0,156.0,52.0,0.0,9.0,0.0,0.0,0.0,155.0,22.0,8.0,20.0,18.0,22.0,16.0,36.0,,0.0,51.0,,59.0,309.0,0.0,0.0,0.0,40.0,0.0,0.0,24.0,6.0,0.0,0.0,0.0,0.0,17.0,,0.0,,,0.0,0.0,14.0,0.0,0.0,0.0,0.0,0.0,0.0,0.0,0.0,,0.0,0.0,0.0,0.0,13.0,0.0,0.0,22.0,,34.0,0.0,32.0,0.0,24.0,0.0,3.0,,0.0,0.0,7.0,23.0,14.0,0.0,19.0,,,0.0,0.0,,24.0,13.0,0.0,0.0,0.0,0.0,0.0,,12.0,0.0,25.0,19.0,0.0,22.0,0.0,0.0,1954.0,1.0,16.0,0.0,0.0,0.0,0.0,0.0,0.0,0.0,0.0,,,0.0,0.0,15.0,36.0,,253.0,,,0.0,0.0,0.0,
2009-42,0.0,0.0,0.0,18.0,0.0,0.0,,0.0,13.0,0.0,0.0,,110.0,71.0,0.0,0.0,,,0.0,,0.0,79.0,0.0,12.0,0.0,0.0,0.0,25.0,18.0,1.0,0.0,0.0,0.0,,48.0,18.0,29.0,64.0,56.0,0.0,0.0,31.0,233.0,,0.0,0.0,0.0,0.0,39.0,39.0,0.0,0.0,0.0,0.0,0.0,0.0,,13.0,113.0,112.0,0.0,,0.0,,9.0,,20.0,0.0,0.0,0.0,0.0,7.0,73.0,65.0,0.0,20.0,0.0,0.0,7.0,,0.0,0.0,12.0,,0.0,10.0,0.0,18.0,46.0,14.0,0.0,0.0,21.0,633.0,0.0,65.0,22.0,16.0,7.0,,36.0,0.0,9.0,14.0,23.0,0.0,20.0,,0.0,,75.0,,0.0,104.0,0.0,0.0,0.0,,0.0,,0.0,0.0,9.0,0.0,0.0,0.0,0.0,0.0,0.0,0.0,0.0,13.0,24.0,0.0,0.0,0.0,29.0,0.0,0.0,28.0,0.0,0.0,0.0,0.0,0.0,0.0,28.0,,0.0,7.0,37.0,21.0,0.0,0.0,32.0,0.0,0.0,,34.0,72.0,1.0,0.0,23.0,0.0,13.0,0.0,0.0,0.0,0.0,0.0,0.0,,0.0,0.0,0.0,0.0,0.0,0.0,196.0,23.0,3780.0,0.0,0.0,,11.0,0.0,9.0,36.0,0.0,0.0,24.0,,0.0,0.0,,,16.0,14.0,0.0,1591.0,0.0,0.0,0.0,0.0,0.0,13.0,0.0,0.0,13.0,0.0,0.0,9.0,0.0,18.0,,0.0,14.0,27.0,0.0,0.0,0.0,15.0,0.0,0.0,0.0,0.0,,0.0,16.0,0.0,6.0,19.0,0.0,0.0,0.0,0.0,0.0,20.0,76.0,46.0,31.0,147.0,0.0,,15.0,0.0,23.0,36.0,,0.0,2226.0,0.0,0.0,0.0,19.0,,,889.0,0.0,0.0,115.0,68.0,0.0,10.0,0.0,0.0,0.0,144.0,27.0,15.0,18.0,21.0,19.0,28.0,47.0,,0.0,53.0,,44.0,307.0,0.0,0.0,0.0,44.0,0.0,0.0,21.0,5.0,0.0,0.0,0.0,0.0,17.0,,0.0,,,0.0,0.0,14.0,0.0,0.0,0.0,0.0,0.0,0.0,0.0,0.0,,0.0,0.0,0.0,0.0,16.0,0.0,0.0,23.0,,29.0,0.0,53.0,0.0,21.0,0.0,6.0,,0.0,0.0,13.0,22.0,10.0,0.0,30.0,,,0.0,0.0,,18.0,15.0,0.0,0.0,0.0,0.0,0.0,,13.0,0.0,11.0,10.0,0.0,14.0,0.0,0.0,1544.0,1.0,27.0,0.0,0.0,0.0,0.0,0.0,0.0,0.0,0.0,,,0.0,0.0,16.0,43.0,,193.0,,,1.0,0.0,0.0,
2009-43,0.0,0.0,0.0,15.0,0.0,0.0,,0.0,12.0,0.0,0.0,,132.0,552.0,0.0,0.0,,,0.0,,0.0,103.0,0.0,13.0,0.0,0.0,1.0,19.0,14.0,0.0,0.0,0.0,0.0,,57.0,23.0,27.0,62.0,57.0,0.0,0.0,46.0,334.0,,0.0,0.0,0.0,0.0,61.0,47.0,0.0,0.0,0.0,0.0,0.0,0.0,,24.0,117.0,118.0,0.0,,0.0,,10.0,,34.0,0.0,0.0,0.0,0.0,10.0,73.0,95.0,0.0,15.0,0.0,0.0,7.0,,0.0,0.0,12.0,,0.0,14.0,0.0,40.0,78.0,9.0,0.0,0.0,20.0,866.0,0.0,74.0,25.0,28.0,7.0,,45.0,0.0,14.0,9.0,19.0,0.0,38.0,,0.0,,102.0,,0.0,132.0,0.0,0.0,0.0,,0.0,,0.0,0.0,10.0,0.0,0.0,0.0,0.0,0.0,0.0,0.0,0.0,13.0,24.0,0.0,0.0,0.0,26.0,0.0,0.0,34.0,0.0,0.0,0.0,0.0,0.0,0.0,40.0,,0.0,15.0,54.0,27.0,2.0,0.0,22.0,0.0,0.0,,36.0,72.0,2.0,0.0,28.0,0.0,12.0,0.0,0.0,0.0,0.0,0.0,0.0,,0.0,0.0,0.0,0.0,0.0,0.0,251.0,12.0,1544.0,0.0,0.0,,7.0,0.0,14.0,27.0,0.0,0.0,24.0,,0.0,0.0,,,22.0,19.0,0.0,2216.0,0.0,0.0,0.0,0.0,0.0,14.0,0.0,0.0,17.0,0.0,0.0,15.0,0.0,22.0,,0.0,38.0,41.0,0.0,0.0,0.0,16.0,0.0,0.0,0.0,0.0,,0.0,16.0,0.0,21.0,27.0,0.0,0.0,0.0,0.0,0.0,25.0,84.0,43.0,31.0,94.0,0.0,,12.0,0.0,23.0,69.0,,0.0,2180.0,0.0,0.0,0.0,37.0,,,879.0,0.0,0.0,186.0,86.0,0.0,7.0,0.0,0.0,0.0,150.0,27.0,14.0,33.0,19.0,37.0,40.0,45.0,,0.0,38.0,,48.0,605.0,0.0,0.0,0.0,44.0,0.0,0.0,17.0,9.0,0.0,0.0,0.0,0.0,15.0,,0.0,,,0.0,0.0,7.0,0.0,0.0,0.0,0.0,0.0,0.0,0.0,0.0,,0.0,0.0,0.0,0.0,18.0,0.0,0.0,15.0,,25.0,0.0,28.0,0.0,23.0,0.0,5.0,,0.0,0.0,11.0,25.0,9.0,0.0,18.0,,,0.0,0.0,,24.0,25.0,0.0,0.0,0.0,0.0,0.0,,18.0,0.0,13.0,23.0,0.0,17.0,0.0,0.0,1762.0,2.0,28.0,0.0,0.0,0.0,0.0,0.0,0.0,0.0,0.0,,,0.0,0.0,20.0,37.0,,241.0,,,3.0,0.0,0.0,
2009-44,0.0,0.0,0.0,15.0,0.0,0.0,,0.0,16.0,0.0,0.0,,128.0,99.0,0.0,2.0,,,0.0,,0.0,118.0,0.0,14.0,0.0,0.0,0.0,21.0,7.0,0.0,0.0,0.0,0.0,,50.0,18.0,30.0,91.0,54.0,0.0,0.0,41.0,441.0,,0.0,0.0,0.0,0.0,85.0,36.0,0.0,0.0,0.0,0.0,0.0,0.0,,14.0,130.0,131.0,0.0,,0.0,,31.0,,38.0,0.0,0.0,0.0,0.0,8.0,61.0,128.0,0.0,20.0,0.0,0.0,12.0,,0.0,0.0,18.0,,0.0,16.0,0.0,38.0,195.0,15.0,0.0,0.0,36.0,784.0,0.0,77.0,27.0,24.0,9.0,,45.0,0.0,18.0,15.0,36.0,0.0,42.0,,0.0,,141.0,,0.0,112.0,0.0,0.0,0.0,,0.0,,0.0,0.0,11.0,0.0,0.0,0.0,0.0,0.0,0.0,0.0,0.0,12.0,19.0,0.0,0.0,0.0,33.0,0.0,0.0,27.0,0.0,0.0,0.0,0.0,0.0,0.0,39.0,,0.0,14.0,61.0,27.0,0.0,0.0,29.0,0.0,0.0,,27.0,78.0,0.0,0.0,20.0,0.0,10.0,0.0,0.0,0.0,0.0,0.0,0.0,,0.0,0.0,0.0,0.0,0.0,0.0,312.0,13.0,14234.0,0.0,0.0,,15.0,0.0,7.0,42.0,0.0,0.0,15.0,,0.0,0.0,,,18.0,9.0,0.0,2018.0,0.0,0.0,0.0,0.0,0.0,19.0,0.0,0.0,12.0,0.0,0.0,14.0,0.0,19.0,,0.0,29.0,39.0,0.0,0.0,0.0,13.0,0.0,0.0,0.0,0.0,,0.0,14.0,0.0,19.0,17.0,0.0,0.0,0.0,0.0,0.0,21.0,68.0,44.0,29.0,122.0,0.0,,9.0,0.0,25.0,41.0,,0.0,2035.0,0.0,0.0,0.0,17.0,,,637.0,0.0,0.0,130.0,59.0,0.0,7.0,0.0,0.0,0.0,138.0,25.0,11.0,29.0,24.0,30.0,19.0,51.0,,0.0,69.0,,50.0,487.0,0.0,0.0,0.0,66.0,0.0,0.0,24.0,4.0,0.0,0.0,0.0,0.0,19.0,,0.0,,,0.0,0.0,10.0,0.0,0.0,1.0,0.0,0.0,0.0,0.0,0.0,,0.0,0.0,0.0,0.0,20.0,0.0,0.0,19.0,,29.0,0.0,40.0,0.0,29.0,0.0,6.0,,0.0,0.0,5.0,19.0,15.0,0.0,13.0,,,0.0,0.0,,13.0,16.0,0.0,1.0,0.0,0.0,0.0,,10.0,0.0,20.0,20.0,0.0,9.0,0.0,0.0,4323.0,0.0,33.0,0.0,0.0,0.0,0.0,0.0,1.0,0.0,0.0,,,0.0,0.0,20.0,40.0,,236.0,,,2.0,0.0,0.0,
2009-45,0.0,0.0,0.0,24.0,0.0,0.0,,0.0,20.0,0.0,0.0,,126.0,127.0,0.0,0.0,,,0.0,,0.0,109.0,0.0,11.0,0.0,0.0,0.0,24.0,10.0,0.0,0.0,0.0,0.0,,64.0,18.0,22.0,77.0,40.0,0.0,0.0,29.0,445.0,,0.0,0.0,0.0,0.0,77.0,50.0,0.0,0.0,0.0,0.0,0.0,0.0,,16.0,128.0,115.0,0.0,,0.0,,9.0,,35.0,0.0,0.0,0.0,0.0,11.0,67.0,92.0,0.0,11.0,0.0,0.0,7.0,,0.0,0.0,10.0,,0.0,14.0,1.0,32.0,276.0,11.0,0.0,0.0,25.0,766.0,0.0,60.0,27.0,11.0,8.0,,55.0,0.0,11.0,6.0,28.0,0.0,25.0,,0.0,,102.0,,0.0,111.0,0.0,0.0,0.0,,0.0,,0.0,0.0,13.0,0.0,0.0,0.0,0.0,0.0,0.0,0.0,0.0,8.0,20.0,0.0,0.0,0.0,17.0,0.0,0.0,35.0,0.0,0.0,0.0,0.0,0.0,0.0,42.0,,0.0,11.0,49.0,14.0,0.0,0.0,18.0,0.0,0.0,,31.0,68.0,1.0,0.0,23.0,0.0,21.0,0.0,1.0,0.0,0.0,0.0,0.0,,0.0,0.0,0.0,0.0,0.0,0.0,329.0,19.0,1465.0,0.0,0.0,,15.0,0.0,11.0,31.0,0.0,0.0,23.0,,0.0,0.0,,,20.0,9.0,0.0,1921.0,0.0,0.0,0.0,0.0,0.0,11.0,0.0,0.0,9.0,0.0,0.0,14.0,40.0,14.0,,0.0,38.0,40.0,0.0,0.0,0.0,18.0,0.0,0.0,0.0,0.0,,0.0,15.0,0.0,11.0,28.0,0.0,0.0,0.0,0.0,0.0,16.0,85.0,53.0,25.0,111.0,0.0,,21.0,0.0,27.0,67.0,,1.0,2265.0,0.0,0.0,0.0,20.0,,,670.0,0.0,0.0,181.0,73.0,0.0,11.0,0.0,0.0,0.0,161.0,22.0,18.0,26.0,29.0,32.0,34.0,46.0,,0.0,40.0,,40.0,320.0,0.0,0.0,0.0,47.0,0.0,0.0,17.0,7.0,0.0,0.0,0.0,0.0,26.0,,0.0,,,0.0,0.0,12.0,0.0,2.0,0.0,0.0,0.0,0.0,0.0,0.0,,0.0,0.0,0.0,0.0,11.0,0.0,0.0,16.0,,32.0,0.0,28.0,0.0,31.0,0.0,2.0,,0.0,0.0,8.0,31.0,19.0,0.0,20.0,,,0.0,0.0,,24.0,21.0,0.0,1.0,0.0,0.0,0.0,,25.0,0.0,23.0,28.0,0.0,22.0,0.0,0.0,2418.0,0.0,30.0,0.0,0.0,0.0,0.0,0.0,0.0,0.0,0.0,,,0.0,0.0,18.0,41.0,,241.0,,,4.0,0.0,0.0,
2009-46,0.0,0.0,0.0,24.0,0.0,0.0,,0.0,22.0,0.0,0.0,,182.0,109.0,0.0,0.0,,,0.0,,0.0,117.0,0.0,6.0,0.0,0.0,0.0,22.0,9.0,0.0,0.0,0.0,0.0,,60.0,17.0,24.0,80.0,58.0,0.0,0.0,39.0,454.0,,0.0,0.0,0.0,0.0,59.0,37.0,0.0,0.0,0.0,0.0,0.0,0.0,,12.0,128.0,99.0,0.0,,0.0,,9.0,,38.0,0.0,0.0,0.0,0.0,11.0,64.0,93.0,0.0,13.0,0.0,0.0,9.0,,0.0,0.0,14.0,,0.0,9.0,0.0,18.0,96.0,7.0,0.0,0.0,30.0,784.0,0.0,67.0,25.0,17.0,5.0,,46.0,0.0,15.0,7.0,22.0,0.0,28.0,,0.0,,113.0,,0.0,109.0,0.0,0.0,0.0,,0.0,,0.0,0.0,6.0,0.0,0.0,0.0,0.0,0.0,0.0,0.0,0.0,14.0,18.0,0.0,0.0,0.0,19.0,0.0,0.0,32.0,0.0,0.0,0.0,0.0,0.0,0.0,42.0,,0.0,4.0,60.0,18.0,0.0,0.0,23.0,0.0,0.0,,24.0,74.0,1.0,0.0,29.0,0.0,9.0,0.0,0.0,0.0,0.0,0.0,0.0,,0.0,0.0,0.0,0.0,0.0,0.0,321.0,16.0,1625.0,0.0,0.0,,12.0,0.0,8.0,24.0,0.0,0.0,12.0,,0.0,2.0,,,30.0,10.0,0.0,2125.0,0.0,0.0,0.0,0.0,0.0,9.0,0.0,0.0,12.0,0.0,0.0,7.0,23.0,13.0,,0.0,51.0,35.0,0.0,0.0,0.0,17.0,0.0,0.0,0.0,0.0,,0.0,7.0,0.0,13.0,22.0,0.0,0.0,0.0,0.0,0.0,24.0,83.0,28.0,24.0,80.0,0.0,,17.0,0.0,24.0,43.0,,0.0,2137.0,0.0,0.0,0.0,26.0,,,622.0,0.0,0.0,191.0,86.0,0.0,6.0,0.0,0.0,0.0,161.0,12.0,7.0,24.0,28.0,29.0,37.0,31.0,,0.0,46.0,,51.0,333.0,0.0,0.0,0.0,36.0,0.0,0.0,21.0,4.0,0.0,0.0,0.0,0.0,17.0,,0.0,,,0.0,0.0,12.0,0.0,0.0,0.0,0.0,0.0,0.0,0.0,0.0,,0.0,0.0,0.0,0.0,11.0,0.0,0.0,35.0,,27.0,0.0,39.0,0.0,35.0,0.0,5.0,,0.0,0.0,6.0,21.0,13.0,0.0,27.0,,,0.0,0.0,,26.0,21.0,0.0,0.0,0.0,0.0,0.0,,16.0,0.0,16.0,21.0,0.0,15.0,0.0,0.0,1901.0,1.0,18.0,0.0,0.0,0.0,0.0,0.0,0.0,0.0,0.0,,,0.0,0.0,22.0,42.0,,260.0,,,4.0,0.0,0.0,
2009-47,0.0,0.0,0.0,14.0,0.0,0.0,,0.0,21.0,0.0,0.0,,138.0,73.0,0.0,1.0,,,0.0,,0.0,74.0,0.0,10.0,0.0,0.0,1.0,18.0,5.0,0.0,0.0,0.0,0.0,,53.0,15.0,24.0,41.0,40.0,0.0,0.0,30.0,302.0,,0.0,0.0,0.0,0.0,43.0,33.0,0.0,0.0,0.0,0.0,0.0,0.0,,7.0,123.0,86.0,0.0,,0.0,,9.0,,34.0,0.0,0.0,0.0,0.0,11.0,30.0,94.0,0.0,14.0,0.0,0.0,15.0,,0.0,0.0,16.0,,0.0,9.0,0.0,34.0,96.0,10.0,0.0,0.0,16.0,648.0,0.0,55.0,17.0,7.0,5.0,,31.0,0.0,8.0,8.0,25.0,0.0,19.0,,0.0,,96.0,,0.0,70.0,0.0,0.0,0.0,,0.0,,0.0,0.0,12.0,0.0,0.0,0.0,0.0,0.0,0.0,0.0,0.0,15.0,13.0,0.0,0.0,0.0,44.0,0.0,0.0,53.0,0.0,0.0,0.0,0.0,0.0,0.0,42.0,,0.0,6.0,43.0,19.0,0.0,0.0,23.0,0.0,0.0,,37.0,71.0,1.0,0.0,21.0,0.0,14.0,0.0,0.0,0.0,0.0,0.0,0.0,,0.0,0.0,0.0,0.0,0.0,0.0,301.0,9.0,1570.0,0.0,0.0,,11.0,0.0,7.0,26.0,0.0,0.0,10.0,,0.0,1.0,,,21.0,10.0,0.0,15146.0,0.0,0.0,0.0,0.0,0.0,12.0,0.0,0.0,8.0,0.0,0.0,9.0,29.0,20.0,,0.0,26.0,39.0,0.0,0.0,0.0,16.0,0.0,0.0,0.0,0.0,,0.0,11.0,0.0,11.0,17.0,0.0,0.0,0.0,0.0,0.0,20.0,63.0,32.0,25.0,88.0,0.0,,13.0,0.0,19.0,47.0,,0.0,2095.0,0.0,0.0,0.0,17.0,,,565.0,0.0,0.0,166.0,50.0,0.0,3.0,0.0,0.0,0.0,143.0,26.0,10.0,20.0,23.0,23.0,17.0,33.0,,0.0,37.0,,30.0,285.0,0.0,0.0,0.0,42.0,0.0,0.0,22.0,13.0,0.0,0.0,0.0,0.0,11.0,,0.0,,,0.0,0.0,8.0,0.0,1.0,0.0,0.0,0.0,0.0,0.0,0.0,,0.0,0.0,0.0,0.0,9.0,0.0,0.0,17.0,,27.0,0.0,29.0,0.0,23.0,0.0,4.0,,0.0,0.0,11.0,24.0,13.0,0.0,20.0,,,0.0,0.0,,17.0,17.0,0.0,0.0,0.0,0.0,0.0,,14.0,0.0,19.0,4.0,0.0,17.0,0.0,0.0,1699.0,2.0,20.0,0.0,0.0,0.0,0.0,0.0,0.0,0.0,0.0,,,0.0,0.0,16.0,29.0,,190.0,,,5.0,0.0,0.0,
2009-48,0.0,0.0,0.0,17.0,0.0,0.0,,0.0,25.0,0.0,0.0,,129.0,51.0,0.0,1.0,,,0.0,,0.0,74.0,0.0,16.0,0.0,0.0,0.0,21.0,11.0,0.0,0.0,0.0,0.0,,70.0,16.0,16.0,63.0,40.0,0.0,0.0,22.0,286.0,,0.0,0.0,0.0,0.0,56.0,35.0,0.0,0.0,0.0,0.0,0.0,0.0,,16.0,95.0,83.0,0.0,,0.0,,7.0,,26.0,0.0,0.0,0.0,0.0,5.0,44.0,69.0,0.0,7.0,0.0,0.0,7.0,,0.0,0.0,13.0,,0.0,19.0,0.0,12.0,94.0,11.0,0.0,0.0,14.0,612.0,0.0,35.0,21.0,8.0,7.0,,33.0,0.0,8.0,9.0,29.0,0.0,17.0,,0.0,,72.0,,0.0,75.0,0.0,0.0,0.0,,0.0,,0.0,0.0,3.0,0.0,0.0,0.0,0.0,0.0,0.0,0.0,0.0,8.0,12.0,0.0,0.0,0.0,31.0,0.0,0.0,35.0,0.0,0.0,0.0,0.0,0.0,0.0,38.0,,0.0,8.0,40.0,14.0,0.0,0.0,12.0,0.0,0.0,,23.0,63.0,1.0,0.0,13.0,0.0,7.0,0.0,1.0,0.0,1.0,0.0,0.0,,0.0,0.0,0.0,0.0,0.0,0.0,250.0,15.0,1216.0,0.0,0.0,,8.0,0.0,10.0,38.0,0.0,0.0,14.0,,0.0,0.0,,,26.0,14.0,0.0,2036.0,0.0,0.0,0.0,0.0,0.0,14.0,0.0,4.0,10.0,0.0,0.0,9.0,56.0,15.0,,0.0,25.0,32.0,0.0,0.0,1.0,17.0,0.0,0.0,0.0,0.0,,0.0,7.0,0.0,9.0,20.0,0.0,0.0,0.0,0.0,0.0,17.0,87.0,25.0,29.0,94.0,0.0,,20.0,0.0,15.0,38.0,,0.0,1721.0,0.0,0.0,0.0,23.0,,,460.0,0.0,0.0,133.0,39.0,0.0,1.0,0.0,0.0,0.0,98.0,17.0,7.0,20.0,19.0,16.0,18.0,26.0,,0.0,38.0,,40.0,348.0,0.0,0.0,0.0,39.0,0.0,0.0,10.0,8.0,0.0,0.0,0.0,0.0,15.0,,0.0,,,0.0,0.0,7.0,0.0,0.0,0.0,0.0,0.0,0.0,0.0,0.0,,0.0,0.0,0.0,0.0,18.0,0.0,0.0,18.0,,29.0,0.0,38.0,0.0,20.0,0.0,5.0,,0.0,0.0,7.0,20.0,5.0,0.0,19.0,,,0.0,0.0,,9.0,13.0,0.0,0.0,0.0,0.0,0.0,,10.0,0.0,25.0,17.0,0.0,26.0,0.0,0.0,1541.0,2.0,11.0,0.0,0.0,0.0,0.0,0.0,0.0,0.0,0.0,,,0.0,0.0,19.0,25.0,,202.0,,,1.0,0.0,0.0,
2009-49,0.0,0.0,0.0,17.0,0.0,0.0,,0.0,16.0,0.0,0.0,,189.0,67.0,0.0,0.0,,,0.0,,0.0,82.0,0.0,7.0,0.0,0.0,0.0,21.0,13.0,0.0,0.0,0.0,0.0,,54.0,19.0,18.0,52.0,42.0,0.0,0.0,21.0,357.0,,0.0,0.0,0.0,0.0,53.0,46.0,0.0,0.0,0.0,0.0,0.0,0.0,,12.0,122.0,106.0,0.0,,0.0,,7.0,,29.0,0.0,0.0,0.0,0.0,8.0,31.0,75.0,0.0,15.0,0.0,0.0,6.0,,0.0,0.0,14.0,,0.0,8.0,0.0,18.0,67.0,8.0,0.0,0.0,18.0,582.0,0.0,92.0,20.0,9.0,7.0,,29.0,0.0,14.0,9.0,21.0,0.0,31.0,,0.0,,87.0,,0.0,192.0,0.0,0.0,0.0,,0.0,,0.0,0.0,8.0,0.0,0.0,0.0,0.0,0.0,0.0,0.0,0.0,7.0,14.0,0.0,0.0,0.0,23.0,0.0,0.0,48.0,0.0,0.0,0.0,0.0,0.0,0.0,43.0,,0.0,7.0,33.0,9.0,0.0,0.0,16.0,0.0,0.0,,23.0,36.0,1.0,0.0,21.0,0.0,14.0,0.0,0.0,0.0,0.0,0.0,0.0,,0.0,0.0,0.0,0.0,0.0,0.0,240.0,9.0,1099.0,0.0,0.0,,9.0,0.0,10.0,32.0,0.0,0.0,14.0,,0.0,0.0,,,30.0,11.0,0.0,1711.0,0.0,0.0,0.0,0.0,0.0,10.0,0.0,0.0,15.0,0.0,0.0,8.0,25.0,13.0,,0.0,18.0,20.0,0.0,0.0,0.0,5.0,0.0,0.0,0.0,0.0,,0.0,10.0,0.0,8.0,14.0,0.0,0.0,0.0,0.0,0.0,17.0,93.0,28.0,18.0,74.0,0.0,,13.0,0.0,9.0,40.0,,0.0,1622.0,0.0,0.0,0.0,17.0,,,498.0,0.0,0.0,135.0,40.0,0.0,5.0,0.0,0.0,14.0,131.0,15.0,10.0,12.0,11.0,22.0,27.0,19.0,,0.0,24.0,,28.0,270.0,0.0,0.0,0.0,34.0,0.0,0.0,16.0,6.0,0.0,0.0,0.0,0.0,10.0,,0.0,,,0.0,0.0,9.0,0.0,0.0,0.0,59.0,0.0,0.0,0.0,0.0,,0.0,0.0,0.0,0.0,13.0,0.0,0.0,14.0,,23.0,0.0,19.0,0.0,18.0,0.0,1.0,,0.0,0.0,7.0,19.0,10.0,0.0,17.0,,,0.0,0.0,,15.0,20.0,0.0,2.0,0.0,0.0,0.0,,10.0,0.0,9.0,10.0,0.0,17.0,0.0,0.0,1528.0,2.0,15.0,0.0,0.0,0.0,0.0,0.0,0.0,1.0,0.0,,,0.0,0.0,26.0,31.0,,189.0,,,0.0,0.0,0.0,
2009-50,0.0,0.0,0.0,18.0,0.0,0.0,,0.0,19.0,0.0,0.0,,105.0,55.0,0.0,1.0,,,0.0,,0.0,89.0,0.0,10.0,0.0,0.0,0.0,24.0,10.0,0.0,0.0,0.0,0.0,,49.0,19.0,18.0,77.0,59.0,0.0,0.0,23.0,309.0,,0.0,0.0,0.0,0.0,54.0,29.0,0.0,0.0,0.0,0.0,0.0,0.0,,14.0,107.0,105.0,0.0,,0.0,,13.0,,31.0,0.0,0.0,0.0,0.0,5.0,42.0,84.0,0.0,3.0,0.0,0.0,6.0,,0.0,0.0,7.0,,0.0,10.0,25.0,21.0,78.0,10.0,0.0,0.0,19.0,593.0,0.0,44.0,19.0,14.0,8.0,,36.0,0.0,9.0,15.0,21.0,0.0,20.0,,0.0,,71.0,,0.0,91.0,0.0,0.0,0.0,,0.0,,0.0,0.0,11.0,0.0,0.0,0.0,0.0,0.0,0.0,13.0,0.0,8.0,12.0,0.0,0.0,0.0,26.0,0.0,0.0,33.0,0.0,0.0,0.0,0.0,0.0,0.0,30.0,,0.0,9.0,61.0,14.0,0.0,0.0,14.0,0.0,0.0,,18.0,36.0,1.0,0.0,11.0,0.0,10.0,0.0,1.0,0.0,0.0,0.0,0.0,,0.0,0.0,0.0,0.0,0.0,0.0,213.0,12.0,1402.0,0.0,0.0,,7.0,0.0,9.0,36.0,0.0,0.0,17.0,,0.0,0.0,,,28.0,7.0,0.0,1831.0,0.0,0.0,0.0,0.0,0.0,15.0,0.0,0.0,7.0,0.0,0.0,14.0,35.0,16.0,,0.0,18.0,24.0,0.0,0.0,0.0,13.0,0.0,0.0,0.0,0.0,,0.0,7.0,0.0,14.0,11.0,0.0,0.0,0.0,0.0,0.0,27.0,69.0,29.0,27.0,70.0,0.0,,17.0,0.0,16.0,39.0,,0.0,1530.0,0.0,0.0,0.0,25.0,,,510.0,0.0,0.0,144.0,44.0,0.0,4.0,0.0,0.0,26.0,147.0,12.0,7.0,20.0,22.0,27.0,13.0,22.0,,0.0,24.0,,29.0,208.0,0.0,0.0,0.0,49.0,0.0,0.0,14.0,5.0,0.0,0.0,0.0,0.0,6.0,,0.0,,,0.0,0.0,6.0,0.0,0.0,1.0,27.0,0.0,0.0,0.0,0.0,,0.0,0.0,0.0,0.0,4.0,0.0,0.0,18.0,,23.0,0.0,30.0,0.0,16.0,1.0,6.0,,0.0,0.0,11.0,24.0,17.0,0.0,22.0,,,0.0,0.0,,25.0,11.0,0.0,0.0,0.0,0.0,0.0,,13.0,0.0,30.0,7.0,0.0,17.0,0.0,0.0,1343.0,0.0,20.0,0.0,0.0,0.0,0.0,0.0,0.0,0.0,0.0,,,0.0,0.0,6.0,32.0,,189.0,,,1.0,0.0,0.0,
2009-51,0.0,0.0,0.0,18.0,0.0,0.0,,0.0,16.0,0.0,0.0,,106.0,51.0,0.0,0.0,,,0.0,,0.0,89.0,0.0,11.0,0.0,0.0,0.0,25.0,11.0,0.0,0.0,0.0,0.0,,54.0,17.0,14.0,41.0,51.0,0.0,0.0,25.0,347.0,,0.0,0.0,0.0,0.0,49.0,33.0,0.0,0.0,0.0,0.0,0.0,0.0,,16.0,154.0,145.0,0.0,,0.0,,9.0,,16.0,0.0,0.0,0.0,0.0,6.0,33.0,92.0,0.0,14.0,0.0,0.0,6.0,,0.0,0.0,9.0,,0.0,14.0,18.0,27.0,62.0,5.0,0.0,0.0,22.0,601.0,0.0,71.0,16.0,8.0,6.0,,37.0,0.0,4.0,5.0,26.0,0.0,33.0,,0.0,,93.0,,0.0,92.0,0.0,0.0,0.0,,0.0,,0.0,0.0,7.0,0.0,0.0,0.0,0.0,0.0,0.0,22.0,0.0,6.0,12.0,0.0,0.0,0.0,16.0,0.0,0.0,26.0,0.0,0.0,0.0,0.0,0.0,0.0,35.0,,0.0,9.0,44.0,14.0,0.0,0.0,21.0,0.0,0.0,,13.0,36.0,2.0,0.0,13.0,0.0,19.0,0.0,1.0,0.0,0.0,0.0,0.0,,0.0,0.0,0.0,0.0,0.0,0.0,227.0,16.0,882.0,0.0,0.0,,6.0,0.0,5.0,29.0,0.0,0.0,11.0,,0.0,0.0,,,17.0,12.0,0.0,1849.0,0.0,0.0,0.0,0.0,0.0,4.0,0.0,0.0,12.0,0.0,0.0,10.0,28.0,10.0,,0.0,23.0,29.0,0.0,0.0,0.0,12.0,0.0,0.0,0.0,0.0,,0.0,8.0,0.0,10.0,10.0,0.0,0.0,0.0,0.0,0.0,25.0,74.0,28.0,23.0,79.0,0.0,,5.0,0.0,15.0,41.0,,0.0,1760.0,0.0,0.0,0.0,14.0,,,479.0,0.0,0.0,124.0,52.0,0.0,5.0,0.0,0.0,38.0,163.0,20.0,15.0,20.0,11.0,21.0,25.0,23.0,,0.0,37.0,,31.0,370.0,0.0,37.0,0.0,30.0,0.0,0.0,18.0,9.0,0.0,0.0,0.0,0.0,15.0,,0.0,,,0.0,0.0,6.0,0.0,1.0,0.0,21.0,0.0,0.0,0.0,0.0,,0.0,0.0,0.0,0.0,7.0,0.0,0.0,16.0,,25.0,0.0,28.0,0.0,22.0,0.0,4.0,,0.0,0.0,10.0,34.0,7.0,0.0,19.0,,,0.0,0.0,,10.0,15.0,0.0,0.0,0.0,0.0,0.0,,17.0,0.0,8.0,9.0,0.0,13.0,0.0,0.0,1401.0,1.0,21.0,0.0,0.0,0.0,0.0,0.0,0.0,0.0,0.0,,,0.0,0.0,11.0,30.0,,177.0,,,1.0,0.0,0.0,
2009-52,0.0,0.0,0.0,15.0,0.0,0.0,,0.0,21.0,0.0,0.0,,100.0,57.0,0.0,1.0,,,0.0,,0.0,71.0,0.0,10.0,0.0,0.0,0.0,22.0,5.0,0.0,0.0,0.0,0.0,,63.0,20.0,17.0,104.0,59.0,0.0,0.0,36.0,435.0,,0.0,0.0,0.0,0.0,60.0,39.0,0.0,0.0,0.0,0.0,0.0,0.0,,13.0,120.0,90.0,0.0,,0.0,,6.0,,40.0,0.0,0.0,0.0,0.0,9.0,31.0,116.0,0.0,17.0,0.0,0.0,5.0,,0.0,0.0,8.0,,0.0,5.0,13.0,11.0,55.0,4.0,0.0,0.0,20.0,528.0,0.0,43.0,21.0,21.0,7.0,,64.0,0.0,9.0,10.0,35.0,0.0,16.0,,0.0,,102.0,,0.0,73.0,0.0,0.0,0.0,,0.0,,0.0,0.0,11.0,0.0,0.0,0.0,0.0,0.0,0.0,24.0,0.0,10.0,12.0,0.0,0.0,0.0,32.0,0.0,0.0,21.0,0.0,0.0,0.0,0.0,0.0,0.0,44.0,,0.0,11.0,48.0,20.0,0.0,0.0,13.0,0.0,0.0,,15.0,28.0,0.0,0.0,10.0,0.0,4.0,0.0,1.0,0.0,0.0,0.0,0.0,,0.0,0.0,0.0,0.0,0.0,0.0,199.0,7.0,885.0,0.0,0.0,,9.0,0.0,4.0,33.0,0.0,0.0,12.0,,0.0,0.0,,,20.0,9.0,0.0,1545.0,0.0,0.0,0.0,0.0,0.0,10.0,0.0,0.0,9.0,0.0,0.0,10.0,29.0,11.0,,0.0,28.0,34.0,0.0,0.0,0.0,9.0,0.0,0.0,0.0,0.0,,0.0,8.0,0.0,8.0,20.0,0.0,0.0,0.0,0.0,0.0,12.0,113.0,46.0,23.0,86.0,0.0,,13.0,0.0,16.0,62.0,,0.0,1960.0,0.0,0.0,0.0,18.0,,,543.0,0.0,0.0,98.0,67.0,0.0,5.0,0.0,0.0,21.0,151.0,30.0,8.0,18.0,16.0,42.0,36.0,30.0,,0.0,31.0,,36.0,224.0,0.0,17.0,0.0,31.0,0.0,0.0,16.0,8.0,0.0,0.0,0.0,0.0,13.0,,0.0,,,0.0,0.0,4.0,0.0,0.0,0.0,39.0,0.0,0.0,0.0,0.0,,0.0,0.0,0.0,0.0,8.0,0.0,0.0,13.0,,22.0,0.0,17.0,0.0,40.0,0.0,9.0,,0.0,0.0,6.0,14.0,11.0,0.0,17.0,,,0.0,0.0,,7.0,22.0,0.0,1.0,0.0,0.0,0.0,,18.0,0.0,14.0,9.0,0.0,20.0,0.0,0.0,1824.0,2.0,22.0,0.0,0.0,0.0,0.0,0.0,1.0,0.0,0.0,,,0.0,0.0,9.0,28.0,,214.0,,,2.0,0.0,0.0,
2009-53,0.0,0.0,0.0,9.0,0.0,0.0,,0.0,9.0,0.0,0.0,,68.0,28.0,0.0,1.0,,,0.0,,0.0,61.0,0.0,7.0,0.0,0.0,0.0,22.0,7.0,0.0,0.0,0.0,0.0,,31.0,7.0,9.0,36.0,48.0,0.0,0.0,30.0,209.0,,0.0,0.0,0.0,0.0,29.0,28.0,0.0,0.0,0.0,0.0,0.0,0.0,,10.0,79.0,56.0,0.0,,0.0,,6.0,,22.0,0.0,0.0,0.0,0.0,3.0,20.0,37.0,0.0,5.0,0.0,0.0,1.0,,0.0,0.0,7.0,,0.0,9.0,5.0,7.0,39.0,3.0,0.0,0.0,12.0,395.0,0.0,36.0,10.0,1.0,4.0,,28.0,0.0,6.0,1.0,12.0,0.0,18.0,,0.0,,74.0,,0.0,361.0,0.0,0.0,0.0,,0.0,,0.0,0.0,2.0,0.0,0.0,0.0,0.0,0.0,0.0,21.0,0.0,3.0,4.0,0.0,0.0,0.0,17.0,0.0,0.0,27.0,0.0,0.0,0.0,0.0,0.0,0.0,16.0,,0.0,5.0,28.0,2.0,1.0,0.0,9.0,0.0,0.0,,6.0,21.0,1.0,0.0,8.0,0.0,4.0,0.0,0.0,0.0,0.0,0.0,0.0,,0.0,0.0,0.0,0.0,0.0,0.0,123.0,12.0,594.0,0.0,0.0,,1.0,0.0,7.0,12.0,0.0,0.0,9.0,,0.0,0.0,,,17.0,10.0,0.0,993.0,0.0,0.0,0.0,0.0,0.0,5.0,0.0,0.0,3.0,0.0,0.0,8.0,14.0,5.0,,0.0,5.0,9.0,0.0,0.0,0.0,5.0,0.0,0.0,0.0,0.0,,0.0,11.0,0.0,7.0,69.0,0.0,0.0,0.0,0.0,0.0,8.0,44.0,22.0,13.0,52.0,0.0,,6.0,0.0,8.0,45.0,,0.0,1174.0,0.0,0.0,0.0,5.0,,,297.0,0.0,0.0,53.0,26.0,0.0,3.0,0.0,0.0,17.0,87.0,11.0,5.0,16.0,12.0,30.0,16.0,12.0,,0.0,16.0,,14.0,154.0,0.0,27.0,0.0,25.0,0.0,0.0,10.0,2.0,0.0,0.0,0.0,0.0,2.0,,0.0,,,0.0,0.0,2.0,0.0,0.0,0.0,15.0,0.0,0.0,0.0,0.0,,1.0,0.0,0.0,0.0,7.0,0.0,0.0,7.0,,13.0,0.0,14.0,0.0,19.0,0.0,1.0,,0.0,0.0,9.0,8.0,4.0,0.0,15.0,,,0.0,0.0,,7.0,3.0,0.0,1.0,0.0,0.0,0.0,,6.0,0.0,14.0,5.0,0.0,7.0,0.0,0.0,1037.0,0.0,14.0,0.0,0.0,0.0,0.0,0.0,0.0,0.0,0.0,,,0.0,0.0,13.0,18.0,,115.0,,,1.0,0.0,0.0,
