Week,Aldo_Leopold,Alexander_Imich,Alfred_Goodman_Gilman,Alice_Kober,Amina_Wadud,Amory_Lovins,Amphichaetodon,Amphichaetodon_howensis,Amphichaetodon_melbae,Armand_Seguin,Barys_Kit,Basiliek_van_San_Crisogono_in_Trastevere,Benjamin_Franklin,Benjamin_Libet,Bertem,Bertembos,Bill_Nye,Bruce_Ivins,Cerynea_argentescens,Cerynea_brunnea,Cerynea_contentaria,Cerynea_discontenta,Cerynea_disjunctaria,Cerynea_homala,Cerynea_igniaria,Cerynea_ochreana,Cerynea_omphisalis,Cerynea_pallens,Cerynea_perrubra,Cerynea_pilipalpus,Cerynea_rubra,Cerynea_sepiata,Cerynea_sumatrana,Cerynea_trogobasis,Cerynea_ustula,Chaetodon,Chaetodon_adiergastos,Chaetodon_andamanensis,Chaetodon_argentatus,Chaetodon_assarius,Chaetodon_aureofasciatus,Chaetodon_auripes,Chaetodon_austriacus,Chaetodon_baronessa,Chaetodon_bennetti,Chaetodon_blackburnii,Chaetodon_burgessi,Chaetodon_citrinellus,Chaetodon_daedalma,Chaetodon_declivis,Chaetodon_decussatus,Chaetodon_dialeucos,Chaetodon_dolosus,Chaetodon_ephippium,Chaetodon_falcula,Chaetodon_flavirostris,Chaetodon_flavocoronatus,Chaetodon_fremblii,Chaetodon_gardineri,Chaetodon_guentheri,Chaetodon_guttatissimus,Chaetodon_hoefleri,Chaetodon_humeralis,Chaetodon_interruptus,Chaetodon_kleinii,Chaetodon_larvatus,Chaetodon_leucopleura,Chaetodon_lineolatus,Chaetodon_litus,Chaetodon_lunulatus,Chaetodon_madagaskariensis,Chaetodon_marleyi,Chaetodon_melannotus,Chaetodon_melapterus,Chaetodon_mertensii,Chaetodon_mesoleucos,Chaetodon_miliaris,Chaetodon_mitratus,Chaetodon_modestus,Chaetodon_multicinctus,Chaetodon_nigropunctatus,Chaetodon_nippon,Chaetodon_ocellatus,Chaetodon_ocellicaudus,Chaetodon_octofasciatus,Chaetodon_ornatissimus,Chaetodon_pelewensis,Chaetodon_pictus,Chaetodon_plebeius,Chaetodon_punctatofasciatus,Chaetodon_quadrimaculatus,Chaetodon_rafflesii,Chaetodon_rainfordi,Chaetodon_reticulatus,Chaetodon_robustus,Chaetodon_sanctaehelenae,Chaetodon_sedentarius,Chaetodon_selene,Chaetodon_semeion,Chaetodon_smithi,Chaetodon_speculum,Chaetodon_striatus,Chaetodon_tinkeri,Chaetodon_triangulum,Chaetodon_trichrous,Chaetodon_tricinctus,Chaetodon_trifascialis,Chaetodon_ulietensis,Chaetodon_unimaculatus,Chaetodon_vagabundus,Chaetodon_wiebeli,Chaetodon_xanthocephalus,Chaetodon_xanthurus,Chaetodon_zanzibarensis,Charles_Meryon,Charles_Stark_Draper,Charles_Walcott,Charles_West_Churchman,Charles_Whitney_Gilmore,Chelmon,Chelmon_marginalis,Chelmon_muelleri,Chelmonops,Chelmonops_curiosus,Chelmonops_truncatus,Claudia_Alexander,Coige,Coradion,Coradion_altivelis,Coradion_chrysozonus,Coradion_melanopus,Deelnemers_UEFA-toernooien_Zweden,Dennis_Meadows,Doode_Bemde,Douglas_Hofstadter,Driebandkoraalvlinder,Earl_Wilbur_Sutherland_jr.,Eben_Moglen,Edgar_Bain,Edmund_Dulac,Edward_Bernays,Edward_Said,Elitettan,Eric_Betzig,Eric_Drexler,Eugene_Aserinsky,Eugene_Odum,Europees_kampioenschap_voetbal_mannen_onder_21_-_2009,Europees_kampioenschap_voetbal_onder_19_-_1999,Europees_kampioenschap_voetbal_vrouwen_1997,Felix_van_Valois,Finale_UEFA_Cup_1982,Finale_UEFA_Cup_1987,Finale_UEFA_Cup_2004,Finale_UEFA_Europa_League_2017,Finale_wereldkampioenschap_voetbal_1958,Forcipiger,Forcipiger_longirostris,Frances_Oldham_Kelsey,Francis_Peyton_Rous,Gehoornde_wimpelvis,Gele_koraalvlinder,Gele_pincetvis,Gemaskerde_wimpelvis,George_Auriol,George_Davis_Snell,George_Starkey,George_Wald,Georges_de_Feure,Gertrude_Elion,Gewone_wimpelvis,Guldbollen,Gustave_Doré,Haldan_Keffer_Hartline,Halfmaanvlindervis,Hans_Albert_Einstein,Hans_Bellmer,Harold_E._Varmus,Harold_Stephen_Black,Hemitaurichthys,Hemitaurichthys_multispinosus,Hemitaurichthys_polylepis,Hemitaurichthys_thompsoni,Hemitaurichthys_zoster,Hendrik_Wade_Bode,Heniochus,Heniochus_chrysostomus,Heniochus_singularius,Heniochus_varius,Henri_Rivière,Hobart_Muir_Smith,Howard_Martin_Temin,Jacques_Nathan_Garamond,Jacques_Richez,James_Hansen,Jaron_Lanier,Jean_Bazaine,Joe_Nickell,Johannes_van_Matha,John_Franklin_Enders,John_Henry_Holland,Johnrandallia,Johnrandallia_nigrirostris,Jon_Kabat-Zinn,Jorj_Morin,Joseph_Erlanger,Juan_Ángel_Rodríguez,Kaja_Silverman,Kasteel_van_Leefdaal,Koeheide,Koraalvlinders,Korbeek-Dijle,Kroonkoraalvlinder,L._Stephen_Coles,Larry_Hyman,Leefdaal,Leland_H._Hartwell,Leo_Spitzer,Lev_Manovich,Lijst_van_Zweedse_voetballers,Lijst_van_onroerend_erfgoed_in_Bertem,Louis_Favre_(kunstschilder),Louis_Ignarro,Marcellin_Desboutin,Maria_in_Campis,Marion_King_Hubbert,Maskerkoraalvlinder,Maurice_Goldhaber,Meerdaalwoud,Meyers_koraalvlinder,Michael_Heidelberger,Michael_Stuart_Brown,Milman_Parry,Monodactylus,Monodactylus_falciformis,Monodactylus_kottelati,Monodactylus_sebae,Mária_Telkes,Naomi_Oreskes,Nederlanders_in_het_Zweedse_voetbal,Nederlands_kampioenschap_dammen_1957,Nettie_Stevens,Nicholas_Negroponte,Oogvlekkoraalvlinder,Ordo_Sanctissimae_Trinitatis,Othniel_Charles_Marsh,Parachaetodon,Parachaetodon_ocellatus,Paul_Ekman,Paul_Gachet,Paul_Greengard,Paul_L._Maier,Paul_Sereno,Paul_Signac,Pincetvis,Prognathodes,Prognathodes_aculeatus,Prognathodes_aya,Prognathodes_brasiliensis,Prognathodes_carlhubbsi,Prognathodes_dichrous,Prognathodes_falcifer,Prognathodes_guezei,Prognathodes_guyanensis,Prognathodes_guyotensis,Prognathodes_marcellae,Prognathodes_obliquus,Ralph_James,Raymond_Kurzweil,Roa_australis,Roa_excelsa,Roa_jayakari,Robert_Cialdini,Robert_Dilts,Robert_Engel_Machol,Robert_Gaguin,Robert_Gilman,Rodezeewimpelvis,Roger_Chaffee,Rudy_Rucker,Salman_Khan_(onderwijzer),Samuel_Noah_Kramer,San_Carlo_alle_Quattro_Fontane,Schoolwimpelvis,Schuettea,Schuettea_scalaripinnis,Schuettea_woodwardi,Seymour_Cray,Sheila_Jasanoff,Siddhartha_Mukherjee,Sint-Bartholomeuskerk_(Korbeek-Dijle),Sint-Pieters-Bandenkerk_(Bertem),Sint-Verona,Stephen_LaBerge,Stephen_Walt,Sylvia_Earle,Theodore_Nicholas_Gill,Theodore_Roszak_(historicus),Thomas_Edison,Thomas_Kuhn,Thomas_Stoltz_Harvey,Trinitariërs,VC_Bertem-Leefdaal,VIVA-wereldkampioenschap_voetbal_2008,Valse_raster-koraalvlinder,Vannevar_Bush,Vierogige_koraalvlinder,Virginia_Apgar,Voer_(rivier_in_Vlaams-Brabant),Voetbal_in_Zweden,Walter_Coward,Wantok_Cup,Wantok_Cup_2008,Wapen_van_Bertem,Wereldkampioenschap_voetbal_1958,Wereldkampioenschap_voetbal_vrouwen_1995,William_James_Sidis,William_Moerner,Witkraagkoraalvlinder,Woodkid,Xiang_Yang,Zilverbladvis,Zilverbladvissen,Zweedse_voetbalbond,Émile_Gilioli
2017-01,4,10,9,10,10,9,0,1,1,1,5,9,320,31,69,1,62,3,0,0,0,0,0,0,0,0,0,0,0,0,0,0,0,0,0,2,0,0,0,1,0,0,0,0,0,0,0,0,0,0,0,0,0,0,0,0,0,0,0,0,0,0,0,1,0,0,0,0,1,0,0,0,0,0,0,0,0,0,0,0,0,0,1,0,0,0,0,0,0,0,0,0,0,0,0,0,0,0,0,0,0,0,0,0,0,0,1,0,0,3,0,2,1,1,2,1,3,3,4,0,0,0,0,0,0,4,21,0,0,0,0,2,6,8,30,5,0,2,1,2,48,76,0,19,7,1,7,1,0,3,0,6,4,5,0,7,0,0,4,8,0,1,2,0,1,5,2,8,2,8,2,16,0,6,0,42,24,4,1,0,0,0,0,0,7,0,0,0,0,0,6,6,5,0,4,20,11,1,5,4,5,0,0,87,2,7,0,1,12,0,14,7,1,3,1,46,5,3,4,8,8,0,11,0,8,4,1,1,13,0,2,8,7,0,0,0,1,0,2,2,1,3,4,1,1,12,0,0,61,13,8,7,2,78,4,0,0,0,0,0,0,0,0,0,0,0,0,4,59,0,0,0,55,47,3,1,4,1,13,3,0,6,30,0,0,0,0,10,1,13,0,0,3,10,5,8,1,0,528,136,12,0,1,2,0,37,2,24,0,10,3,0,0,0,47,3,64,5,0,43,2,5,1,4,0
2017-02,22,13,9,1,5,2,3,1,1,4,25,6,501,52,51,0,42,3,0,1,0,0,0,0,0,1,0,0,0,0,0,0,0,0,0,12,0,0,0,0,0,0,0,0,1,1,0,0,1,0,0,0,1,0,0,0,0,0,0,1,0,1,0,0,0,2,0,1,0,0,0,0,0,1,0,0,0,0,0,0,0,0,0,0,0,0,1,0,1,0,2,0,0,0,1,0,1,0,0,0,0,1,1,0,0,1,0,0,0,16,0,1,6,0,3,2,3,1,0,2,1,1,2,1,1,1,5,2,1,1,1,4,6,9,32,1,2,7,1,1,32,97,0,5,4,1,4,4,1,2,0,1,12,7,0,19,2,0,2,5,3,7,3,1,2,5,0,6,5,11,1,10,0,5,3,58,46,9,1,3,0,0,0,1,3,1,1,2,1,0,0,11,6,1,6,20,3,6,4,9,2,1,0,92,0,7,0,0,7,1,22,9,2,2,0,45,9,2,10,13,3,0,14,0,6,2,0,1,10,0,1,8,3,0,0,0,1,0,0,7,0,4,5,2,0,8,0,0,57,13,6,12,0,135,5,0,0,0,0,0,0,0,0,0,0,0,0,0,86,0,1,0,91,22,0,2,4,1,10,5,0,2,39,3,0,0,0,2,0,7,0,0,3,7,4,4,0,0,887,161,10,0,6,2,1,35,4,17,0,12,0,0,0,1,81,1,47,6,0,37,2,5,0,12,0
2017-03,4,16,3,0,14,4,6,0,0,3,17,3,605,40,58,1,43,2,0,0,0,0,0,0,0,0,0,0,0,0,0,0,0,0,0,8,2,0,0,0,2,0,0,0,1,0,0,2,0,0,0,0,0,0,0,0,0,0,0,0,0,0,0,0,0,0,0,0,0,0,0,0,0,0,0,0,0,0,0,0,0,0,1,0,0,0,0,0,2,1,0,0,0,0,0,0,0,0,0,0,0,0,0,0,0,0,0,0,0,8,1,0,4,0,5,0,2,3,0,4,0,0,4,0,0,0,0,3,1,1,1,1,10,10,33,0,0,8,2,4,38,96,0,11,6,5,2,1,0,3,0,2,3,6,0,14,4,1,2,8,1,0,1,2,0,5,1,2,2,17,2,2,0,2,1,46,19,2,0,2,1,0,1,0,8,6,0,0,1,0,1,13,3,0,15,22,6,2,7,0,2,1,1,85,2,6,0,0,14,1,48,16,0,2,2,50,3,1,10,10,2,0,8,0,5,10,0,1,6,0,0,3,0,1,0,1,2,0,1,23,0,1,10,0,2,5,2,1,64,9,5,6,1,123,14,2,1,0,0,0,0,1,0,0,0,0,0,1,97,0,0,0,69,34,2,2,0,1,19,4,0,7,62,2,0,0,0,5,3,19,0,0,0,5,2,6,2,0,998,211,12,0,5,6,0,41,1,23,0,10,0,0,0,2,23,0,57,7,0,40,2,16,0,1,0
2017-04,6,8,2,5,22,3,6,2,3,3,8,11,434,24,59,5,52,2,0,0,0,0,0,0,0,0,0,0,0,0,0,0,0,0,0,4,3,3,2,1,2,3,2,2,2,3,1,2,3,2,2,1,2,2,2,2,0,1,1,3,1,1,2,1,4,1,3,3,1,0,1,1,2,1,2,3,2,1,1,2,2,2,1,2,2,3,1,2,2,2,2,2,1,1,3,2,3,3,2,0,3,4,0,0,1,0,1,0,1,10,2,2,4,2,6,2,3,6,2,5,1,3,3,4,2,0,1,4,0,1,1,2,7,8,25,0,0,6,1,5,30,94,1,5,6,4,3,11,6,4,0,6,6,3,0,15,5,3,4,5,3,2,0,1,2,4,1,4,4,26,7,17,0,7,2,40,32,2,2,4,1,1,1,2,5,7,3,0,4,0,2,7,8,2,9,16,10,2,3,3,9,6,1,83,1,6,0,1,10,1,28,14,2,3,2,40,2,2,10,11,8,0,12,0,7,3,1,4,9,1,5,4,1,1,1,1,1,0,3,13,1,5,3,8,0,10,4,0,67,13,3,6,5,108,10,5,2,1,3,1,1,2,2,0,1,1,0,1,90,1,2,2,53,50,3,1,3,4,140,4,0,5,51,1,0,1,2,4,4,12,0,0,1,3,3,15,2,0,936,165,8,0,6,1,4,35,3,17,0,18,3,3,1,5,21,6,63,5,3,28,4,7,4,9,0
2017-05,3,14,3,0,1,1,2,1,1,18,8,4,374,18,60,3,93,0,0,0,0,0,0,0,0,0,0,0,0,0,0,0,0,0,0,24,1,1,1,0,1,3,1,1,3,1,1,1,1,1,1,0,1,3,1,1,2,1,0,1,1,1,1,1,1,2,0,0,1,1,1,0,1,2,3,0,1,1,0,1,0,1,2,0,1,2,1,1,3,1,1,0,1,1,3,0,2,0,0,1,1,3,1,2,1,1,1,0,2,4,0,0,7,1,1,5,7,2,0,2,0,0,1,0,0,0,0,1,0,0,0,0,5,13,50,0,0,7,1,8,37,66,0,3,2,2,5,0,0,1,0,2,2,2,0,12,1,0,1,3,0,4,0,0,0,1,0,2,9,16,1,4,0,1,3,30,33,2,1,1,0,1,0,0,1,3,0,0,11,0,0,8,4,0,5,17,11,1,3,3,6,1,0,87,0,0,0,1,21,0,21,10,0,2,0,69,2,4,7,8,1,0,4,0,12,2,0,0,5,0,0,2,0,1,0,1,0,0,3,4,1,0,2,0,0,13,1,0,53,8,1,2,1,94,9,1,2,0,0,0,0,0,0,0,0,0,0,0,66,0,0,0,62,38,0,8,1,0,15,3,0,1,52,0,0,0,0,1,2,21,0,0,4,3,2,6,1,0,827,168,9,0,6,1,0,31,3,12,0,13,0,0,0,0,21,6,58,2,0,36,20,7,0,6,0
2017-06,3,8,2,0,1,1,0,0,0,0,5,5,449,23,66,7,87,7,1,0,0,0,0,0,0,0,0,0,0,0,0,0,0,0,0,4,0,0,1,0,0,0,5,0,0,0,0,0,0,0,0,0,0,1,1,0,0,0,0,0,1,0,1,0,2,1,0,0,0,1,0,0,0,0,0,0,1,0,0,0,0,0,1,0,0,0,0,0,0,0,0,0,0,0,0,0,0,0,0,0,0,0,0,1,0,0,1,1,0,10,0,0,13,1,3,4,11,2,1,0,0,1,0,0,1,0,1,0,0,0,0,1,2,11,34,3,0,8,0,2,38,70,0,3,8,8,2,4,0,4,49,4,8,8,0,13,0,0,5,7,1,2,3,3,0,1,3,1,7,12,4,9,0,2,7,50,39,7,0,0,0,2,0,1,2,0,0,1,0,0,1,8,7,3,11,16,6,1,39,7,6,0,1,78,0,6,0,2,11,3,11,15,0,0,0,37,1,0,3,5,0,0,3,0,13,2,0,1,17,1,0,3,2,1,0,1,3,0,2,4,0,1,9,3,0,13,0,0,52,5,2,3,3,125,5,0,0,0,0,0,0,0,0,0,0,0,0,0,71,0,0,0,65,37,0,1,2,0,8,2,0,2,53,0,0,0,0,9,4,9,0,0,0,0,4,3,1,0,1630,131,9,0,2,3,2,23,2,23,0,15,1,0,0,1,44,0,48,4,0,25,6,8,0,6,0
2017-07,5,5,3,1,9,3,0,0,0,2,5,5,421,14,61,1,50,0,0,0,0,0,0,0,0,0,0,0,0,0,0,0,0,0,0,3,0,0,0,0,1,0,1,1,1,0,1,0,1,0,0,0,0,0,1,0,0,0,0,0,0,0,0,0,2,0,0,2,0,1,0,0,0,0,0,0,0,0,0,0,0,0,0,0,0,0,0,0,0,0,0,0,0,0,0,0,0,0,0,0,0,0,0,0,0,0,0,0,0,7,0,0,3,0,0,5,5,0,1,0,0,0,0,0,0,2,0,0,0,0,0,2,4,13,29,0,1,7,0,3,30,63,0,7,8,6,2,3,0,2,2,3,3,7,0,31,0,0,4,4,1,2,0,2,0,3,0,5,5,10,10,5,0,2,1,34,37,1,0,0,0,0,0,0,1,4,2,1,4,0,0,6,4,0,13,23,4,2,4,2,5,0,0,87,0,4,0,0,18,0,12,12,3,0,0,42,4,2,3,5,0,0,3,0,8,3,0,1,10,0,0,10,1,0,0,0,1,0,3,5,0,3,2,4,1,12,0,0,54,16,5,6,7,128,4,0,0,0,0,1,0,0,0,0,0,0,0,2,112,0,0,0,64,46,0,0,0,3,6,4,0,0,30,1,0,0,0,4,0,16,0,0,0,5,5,3,3,0,868,143,9,0,4,1,0,25,2,12,0,11,0,2,0,1,45,8,71,5,0,34,2,5,2,5,0
2017-08,5,68,4,1,1,2,0,0,0,2,2,5,420,13,76,1,49,3,0,0,0,0,0,0,0,0,0,0,0,0,0,0,0,0,0,1,0,1,0,0,0,0,0,1,0,0,0,0,0,0,0,0,0,1,1,0,1,0,0,1,0,0,0,0,0,0,0,0,0,0,0,0,0,0,0,0,0,0,0,0,0,0,0,0,0,0,0,0,0,0,0,0,0,10,0,0,0,0,0,0,0,0,0,0,0,0,0,0,1,0,0,0,1,0,1,3,5,1,0,2,0,0,0,0,0,2,0,1,0,0,0,0,0,7,23,1,0,4,0,2,41,52,0,0,6,2,1,4,0,0,2,12,9,4,0,10,0,1,4,5,1,2,3,1,2,5,0,4,12,4,0,13,0,4,3,55,27,4,0,0,0,0,0,0,2,0,0,0,0,0,0,7,8,1,5,13,7,1,6,5,1,0,0,79,0,6,0,0,10,2,13,11,1,1,0,33,5,1,6,8,13,0,6,0,22,7,1,0,14,1,0,7,3,0,0,0,0,0,7,0,0,1,5,3,0,9,0,0,59,17,5,7,0,100,7,0,0,0,0,0,0,0,0,0,0,0,0,0,54,0,0,0,86,37,1,1,0,5,6,5,0,3,45,1,0,0,0,2,1,20,0,0,2,2,4,7,4,0,679,117,9,0,2,1,1,38,2,22,0,12,0,1,1,1,32,5,38,1,1,34,6,4,1,3,0
2017-09,9,28,2,2,5,4,1,0,0,2,3,9,381,20,58,3,116,6,0,0,0,0,0,0,0,0,0,0,0,0,0,0,1,0,0,0,0,0,0,0,0,2,0,2,0,0,0,0,0,0,0,0,0,0,1,0,0,0,0,0,0,0,0,0,1,0,0,0,0,0,0,0,0,0,0,0,0,0,0,0,1,0,0,0,0,0,0,0,0,0,0,0,0,0,2,0,0,0,0,0,0,0,0,1,0,0,0,0,0,0,0,0,0,0,0,5,1,2,1,0,0,0,0,0,1,0,1,0,0,0,0,0,3,16,26,0,0,2,1,4,38,58,0,5,4,3,2,0,0,1,0,8,11,14,0,25,0,0,4,2,0,0,0,0,1,1,2,4,7,4,2,7,0,1,1,57,33,2,0,0,0,0,0,0,4,0,1,1,1,0,0,2,9,1,14,11,8,3,2,2,9,0,0,121,0,4,0,0,5,0,18,17,0,0,0,41,1,1,3,7,1,0,4,0,22,1,0,1,5,2,0,6,4,0,0,0,0,0,3,6,0,3,4,1,0,11,0,0,51,9,3,7,3,107,5,0,0,0,0,0,0,0,0,0,0,0,0,1,68,0,0,0,76,54,0,7,2,0,9,3,0,1,44,0,0,0,0,3,0,16,0,0,0,6,4,2,0,0,654,185,13,0,4,2,0,28,0,12,0,19,0,0,0,3,62,0,43,0,0,37,1,7,0,5,0
2017-10,9,4,5,1,4,4,0,1,1,2,4,12,375,45,48,3,63,1,0,1,0,0,0,0,0,0,0,0,0,0,0,0,0,1,0,2,0,1,0,0,0,0,2,0,0,0,0,0,0,0,0,0,0,2,1,0,0,0,0,0,1,0,0,0,2,0,0,1,0,0,2,0,2,0,0,0,0,0,0,0,0,0,0,0,0,0,0,0,1,0,0,0,0,0,1,1,0,0,0,1,0,0,0,0,0,0,0,0,0,0,0,0,0,0,1,3,6,1,3,1,0,1,0,0,0,2,5,1,0,0,0,1,6,13,32,1,3,4,0,10,41,77,0,1,5,2,0,3,1,3,6,1,4,7,0,12,0,1,5,2,1,2,7,2,0,9,1,4,5,12,3,10,0,6,4,77,45,3,0,0,0,0,0,0,2,1,1,1,1,0,2,3,7,1,12,12,6,1,6,3,4,1,0,73,0,2,0,1,13,3,18,15,1,1,0,51,4,1,4,6,2,0,5,0,14,2,1,0,9,1,2,3,4,1,2,0,3,0,4,5,1,1,3,1,0,6,0,0,61,11,4,3,5,102,6,0,0,0,0,0,0,0,0,0,0,0,0,0,66,2,0,0,80,44,0,4,4,0,13,2,0,2,53,3,0,0,0,2,3,10,0,0,3,6,5,3,2,0,1049,180,10,0,0,0,0,47,3,11,0,17,0,0,0,2,23,13,63,4,0,36,1,3,1,2,0
2017-11,33,5,2,2,7,6,3,1,1,4,0,5,455,28,65,7,39,2,0,0,0,0,0,0,0,0,0,0,0,0,0,0,0,0,1,12,0,0,0,0,0,0,0,0,0,0,0,1,0,0,0,0,1,0,0,0,0,0,0,1,1,1,0,0,0,1,0,0,0,0,0,0,0,0,0,0,0,0,1,0,0,0,3,0,0,1,0,0,0,0,0,0,0,0,1,0,0,0,0,0,0,3,0,0,0,1,1,0,0,8,0,0,7,1,1,5,3,5,0,0,0,0,0,0,0,0,1,0,0,0,0,0,1,4,17,2,1,6,1,4,59,91,0,3,5,0,1,4,1,0,2,2,2,7,0,8,1,0,1,2,0,1,3,0,1,3,1,3,2,10,1,13,0,3,4,75,42,6,0,0,0,0,0,1,7,7,1,1,1,0,1,8,10,2,4,15,6,2,3,4,1,0,1,94,1,3,0,1,8,2,15,18,0,0,0,27,2,2,9,17,2,0,7,0,22,1,0,1,12,0,0,3,0,0,0,0,0,0,1,7,0,3,2,2,0,14,0,0,52,8,3,5,4,112,3,2,0,0,0,0,1,0,0,0,0,0,0,0,83,0,0,0,49,42,0,4,1,0,7,7,0,1,55,1,0,0,0,1,0,14,0,0,2,7,4,5,2,0,793,174,22,0,1,2,0,25,1,8,0,12,0,1,0,9,24,1,46,4,0,37,1,6,0,7,0
2017-12,13,4,3,0,4,0,1,1,0,1,2,6,432,32,45,6,43,10,0,0,0,0,0,0,0,0,0,0,0,0,0,0,0,0,0,3,0,0,0,1,0,0,0,0,0,1,0,3,1,0,0,1,2,0,0,1,1,0,0,2,1,1,0,2,1,0,0,1,1,0,1,0,0,1,0,0,2,0,0,3,1,1,3,0,1,0,1,0,0,2,2,0,1,0,1,0,2,0,0,0,0,2,0,2,0,0,0,0,2,3,0,0,1,1,0,6,3,3,1,2,0,2,1,0,0,1,0,3,2,1,0,2,5,18,28,0,0,4,0,1,42,61,0,3,8,0,5,5,0,2,1,4,4,4,0,12,1,1,2,4,1,2,0,1,1,4,1,5,2,7,3,5,0,4,0,44,40,7,0,1,0,0,0,0,4,3,0,0,0,0,2,10,17,1,10,9,14,3,3,2,7,2,1,101,1,4,0,1,17,0,28,15,0,1,0,40,4,1,1,6,3,0,4,0,10,8,1,3,14,0,3,5,2,0,1,0,0,0,7,9,0,0,6,1,0,11,1,0,59,12,3,10,4,149,6,0,0,0,0,0,0,0,0,0,0,0,0,2,82,0,0,0,85,52,0,2,0,0,11,3,0,4,53,0,0,0,0,7,0,14,0,0,4,5,0,11,28,0,664,175,16,0,2,1,1,30,1,10,0,15,1,2,0,1,41,0,46,3,0,36,0,9,1,10,0
2017-13,4,0,1,0,11,8,0,0,0,0,4,5,333,32,50,5,37,1,0,1,0,0,0,0,0,0,0,0,0,0,0,0,0,0,0,1,0,0,0,0,0,0,0,0,0,1,1,0,0,0,0,0,1,0,0,0,0,0,0,0,0,0,0,0,1,0,0,0,0,0,0,0,1,0,0,0,0,0,0,0,0,0,0,0,0,0,0,0,0,0,0,0,0,0,0,0,0,0,0,0,1,0,0,0,0,0,0,0,0,11,1,0,5,1,1,1,16,1,1,0,0,0,1,1,0,0,2,1,0,0,0,1,2,19,33,0,0,8,0,5,36,68,0,5,4,4,3,4,2,3,0,2,3,8,0,22,0,0,1,2,0,0,1,0,1,1,2,2,8,1,2,2,0,0,1,47,23,0,0,0,0,0,0,0,5,0,0,0,0,0,0,15,2,0,5,9,5,1,2,1,4,0,0,81,0,6,0,4,13,2,19,13,0,0,1,32,1,3,2,4,1,0,12,0,17,1,0,0,12,0,1,4,1,0,0,0,0,0,1,7,2,2,8,1,0,11,0,0,43,12,0,6,2,141,5,0,1,0,0,0,0,0,0,0,0,0,0,0,94,0,0,0,77,21,1,0,0,1,10,1,0,2,52,1,0,0,0,8,0,4,0,0,5,7,2,0,0,0,569,217,5,0,5,3,1,27,2,11,0,19,0,0,0,1,50,3,45,4,1,37,3,2,0,4,0
2017-14,6,3,1,3,2,5,0,0,0,2,16,5,277,25,51,9,39,6,0,0,1,0,0,0,0,0,0,0,0,0,0,0,0,0,1,0,0,0,0,0,0,0,0,0,0,0,0,1,0,0,2,0,0,0,0,0,0,0,0,0,0,1,0,0,0,0,0,0,0,0,0,0,0,0,0,0,0,0,0,0,0,0,0,0,2,0,0,0,3,1,0,0,0,0,0,0,0,0,0,0,0,1,0,0,0,0,0,0,0,12,0,1,8,0,0,1,1,0,0,0,0,0,0,0,0,0,0,0,0,0,0,0,2,19,17,0,0,6,0,2,47,73,0,2,9,14,1,11,1,1,1,6,6,10,0,27,0,0,1,3,0,2,1,0,1,1,0,3,2,2,0,6,0,0,1,44,23,2,0,0,0,0,0,0,4,1,0,0,1,0,0,5,1,0,3,15,10,3,3,4,2,0,0,60,0,3,0,0,10,3,13,16,0,0,0,30,0,3,2,10,5,0,1,0,9,6,0,0,10,0,0,3,1,0,0,0,0,0,3,7,1,1,7,0,0,7,0,0,50,6,1,4,1,148,3,0,0,0,0,0,0,0,0,0,0,0,0,1,74,0,0,1,54,41,0,0,5,3,6,1,0,2,38,0,0,0,0,5,1,6,0,0,0,2,3,3,0,0,574,133,15,0,0,1,0,23,0,11,0,11,0,0,0,1,76,3,44,2,0,72,1,7,1,6,0
2017-15,1,7,2,0,13,2,0,0,0,0,8,20,336,23,64,3,33,8,0,0,0,0,1,0,0,0,0,0,0,0,0,0,0,0,0,1,0,0,0,0,1,0,0,0,0,0,0,0,1,0,0,0,1,0,1,0,0,0,0,0,0,0,0,1,0,0,0,0,0,0,0,0,0,0,1,0,0,1,1,0,0,0,1,0,0,1,0,0,0,0,0,1,0,2,0,0,0,1,0,0,0,1,0,0,0,0,0,0,0,8,0,0,9,0,3,0,3,4,1,0,1,0,1,0,0,1,1,1,0,0,0,0,6,15,32,1,1,6,0,9,33,67,0,5,4,1,2,5,0,2,2,7,5,7,0,13,1,0,2,2,0,1,3,0,1,3,1,9,8,5,2,5,0,1,0,67,37,1,0,0,0,1,0,0,6,0,0,0,1,0,1,6,3,0,4,12,3,3,6,2,8,1,0,70,0,4,0,1,16,1,13,18,0,0,0,38,2,0,3,8,0,0,3,0,7,1,0,2,19,0,1,11,0,2,0,0,1,0,3,5,0,3,7,0,0,3,0,0,39,13,1,6,2,124,11,2,0,0,0,0,0,0,1,0,0,0,0,1,80,0,0,0,53,45,1,4,1,1,18,3,0,4,47,0,0,0,0,4,0,17,0,0,3,2,5,7,2,0,515,122,15,0,3,2,0,31,1,9,0,6,0,2,0,0,40,0,37,5,0,60,1,6,0,0,0
2017-16,11,5,1,3,8,0,4,1,2,0,5,7,374,25,61,7,205,6,0,0,0,0,0,0,0,0,0,0,0,0,0,0,0,0,0,4,4,2,2,1,2,2,10,2,2,2,2,3,2,2,2,1,2,2,2,1,2,3,1,4,2,2,1,3,3,2,2,1,2,4,2,1,3,2,2,1,2,2,2,2,1,2,2,1,2,2,2,1,2,3,2,1,3,2,3,1,2,1,1,2,2,2,2,2,2,2,2,1,2,5,1,2,10,2,1,2,3,8,5,0,1,0,1,1,1,2,0,1,0,0,1,4,7,23,37,3,0,8,3,4,29,53,0,8,6,5,6,2,1,12,4,6,7,19,0,21,1,0,3,5,2,4,5,2,2,2,0,7,7,2,6,7,0,2,4,245,29,4,0,1,1,1,0,1,3,3,1,0,0,0,0,9,4,0,10,18,5,2,7,2,4,0,3,100,0,6,0,1,12,1,19,21,6,0,2,41,2,2,3,5,0,0,4,0,6,3,5,1,15,2,0,4,0,0,0,1,1,0,7,3,0,1,2,7,0,12,1,1,43,3,4,4,4,114,22,2,2,3,1,2,1,1,2,2,2,2,1,0,90,1,1,0,62,48,4,1,3,3,9,4,0,3,50,3,1,0,1,5,2,12,0,0,1,6,1,6,4,0,620,126,27,0,2,5,6,25,1,12,0,14,0,0,2,1,57,0,55,8,5,58,0,2,1,13,0
2017-17,6,11,5,1,19,5,0,0,0,0,11,10,308,22,46,4,367,2,1,2,0,1,0,0,0,0,0,0,0,1,0,0,0,0,0,0,0,0,0,0,0,0,0,0,0,0,0,0,0,0,0,1,0,0,3,0,0,0,0,0,0,0,0,0,0,0,0,0,0,0,0,0,0,0,0,0,0,0,1,0,0,3,0,0,0,0,0,0,0,0,0,0,0,0,0,0,1,0,0,0,0,0,0,0,0,0,0,0,0,0,0,0,1,0,1,0,27,2,2,1,1,0,0,0,0,0,0,0,0,0,0,2,2,10,39,0,1,4,0,2,25,40,0,3,8,0,1,2,0,3,2,8,11,6,0,16,0,0,3,0,0,0,0,0,7,1,0,2,4,7,1,10,0,3,0,672,20,0,1,0,0,0,0,0,6,0,0,1,1,0,0,9,6,0,6,7,5,2,3,1,2,0,0,81,0,2,0,0,11,3,15,29,0,3,0,36,4,3,3,5,1,0,1,0,13,1,0,0,10,0,1,6,1,1,0,0,1,0,1,2,0,1,3,3,0,3,0,0,40,13,2,6,0,94,8,0,0,0,0,0,0,0,0,0,0,0,0,1,72,0,0,0,45,58,1,1,2,1,9,1,0,2,41,0,0,0,0,1,1,8,0,0,0,2,3,5,2,0,504,85,30,0,2,4,0,19,0,6,0,5,0,0,0,2,36,2,79,4,0,59,1,1,0,7,0
2017-18,11,6,0,2,18,1,0,0,0,0,5,3,219,21,78,8,125,1,0,0,0,0,0,0,0,0,0,0,0,0,0,0,0,0,0,2,0,0,0,0,0,0,0,0,0,1,0,0,0,0,0,0,0,0,2,0,0,0,0,0,0,0,0,0,2,0,0,0,0,0,0,0,1,0,0,0,0,0,0,0,1,0,1,0,0,0,0,0,0,0,0,0,1,0,1,0,0,0,0,0,0,4,0,0,1,0,1,0,0,1,0,0,4,1,2,1,0,3,0,0,1,2,0,0,0,0,0,0,0,0,0,3,1,10,34,0,0,2,0,2,25,37,0,1,4,3,1,6,2,0,0,1,9,12,0,6,0,0,3,2,0,3,3,0,2,1,0,1,0,0,7,1,0,1,0,636,14,2,1,0,0,0,0,0,3,4,0,0,0,0,1,13,1,2,5,3,5,1,3,1,6,0,0,51,0,2,0,0,5,1,12,7,0,0,1,35,0,0,9,2,0,0,2,0,3,1,0,1,9,0,1,4,0,0,0,0,0,0,0,5,0,0,1,2,0,3,0,0,19,6,1,2,0,82,6,0,0,0,0,0,0,0,0,0,0,0,0,1,62,0,0,0,42,47,0,1,2,0,11,5,0,0,29,1,0,0,0,3,1,5,0,0,0,2,4,0,1,0,432,78,18,0,3,1,0,16,0,7,0,7,1,0,0,1,22,0,34,4,0,54,0,8,0,3,0
2017-19,0,0,0,0,0,0,0,0,0,0,0,0,0,0,0,0,0,0,0,0,0,0,0,0,0,0,0,0,0,0,0,0,0,0,0,0,0,0,0,0,0,0,0,0,0,0,0,0,0,0,0,0,0,0,0,0,0,0,0,0,0,0,0,0,0,0,0,0,0,0,0,0,0,0,0,0,0,0,0,0,0,0,0,0,0,0,0,0,0,0,0,0,0,0,0,0,0,0,0,0,0,0,0,0,0,0,0,0,0,0,0,0,0,0,0,0,0,0,0,0,0,0,0,0,0,0,0,0,0,0,0,0,0,0,0,0,0,0,0,0,0,0,0,0,0,0,0,0,0,0,0,0,0,0,0,0,0,0,0,0,0,0,0,0,0,0,0,0,0,0,0,0,0,0,0,0,0,0,0,0,0,0,0,0,0,0,0,0,0,0,0,0,0,0,0,0,0,0,0,0,0,0,0,0,0,0,0,0,0,0,0,0,0,0,0,0,0,0,0,0,0,0,0,0,0,0,0,0,0,0,0,0,0,0,0,0,0,0,0,0,0,0,0,0,0,0,0,0,0,0,0,0,0,0,0,0,0,0,0,0,0,0,0,0,0,0,0,0,0,0,0,0,0,0,0,0,0,0,0,0,0,0,0,0,0,0,0,0,0,0,0,0,0,0,0,0,0,0,0,0,0,0,0,0,0,0,0,0,0,0,0,0,0,0,0,0,0,0,0,0,0,0,0,0,0
2017-20,0,0,0,0,0,0,0,0,0,0,0,0,0,0,0,0,0,0,0,0,0,0,0,0,0,0,0,0,0,0,0,0,0,0,0,0,0,0,0,0,0,0,0,0,0,0,0,0,0,0,0,0,0,0,0,0,0,0,0,0,0,0,0,0,0,0,0,0,0,0,0,0,0,0,0,0,0,0,0,0,0,0,0,0,0,0,0,0,0,0,0,0,0,0,0,0,0,0,0,0,0,0,0,0,0,0,0,0,0,0,0,0,0,0,0,0,0,0,0,0,0,0,0,0,0,0,0,0,0,0,0,0,0,0,0,0,0,0,0,0,0,0,0,0,0,0,0,0,0,0,0,0,0,0,0,0,0,0,0,0,0,0,0,0,0,0,0,0,0,0,0,0,0,0,0,0,0,0,0,0,0,0,0,0,0,0,0,0,0,0,0,0,0,0,0,0,0,0,0,0,0,0,0,0,0,0,0,0,0,0,0,0,0,0,0,0,0,0,0,0,0,0,0,0,0,0,0,0,0,0,0,0,0,0,0,0,0,0,0,0,0,0,0,0,0,0,0,0,0,0,0,0,0,0,0,0,0,0,0,0,0,0,0,0,0,0,0,0,0,0,0,0,0,0,0,0,0,0,0,0,0,0,0,0,0,0,0,0,0,0,0,0,0,0,0,0,0,0,0,0,0,0,0,0,0,0,0,0,0,0,0,0,0,0,0,0,0,0,0,0,0,0,0,0,0
2017-21,0,0,0,0,0,0,0,0,0,0,0,0,0,0,0,0,0,0,0,0,0,0,0,0,0,0,0,0,0,0,0,0,0,0,0,0,0,0,0,0,0,0,0,0,0,0,0,0,0,0,0,0,0,0,0,0,0,0,0,0,0,0,0,0,0,0,0,0,0,0,0,0,0,0,0,0,0,0,0,0,0,0,0,0,0,0,0,0,0,0,0,0,0,0,0,0,0,0,0,0,0,0,0,0,0,0,0,0,0,0,0,0,0,0,0,0,0,0,0,0,0,0,0,0,0,0,0,0,0,0,0,0,0,0,0,0,0,0,0,0,0,0,0,0,0,0,0,0,0,0,0,0,0,0,0,0,0,0,0,0,0,0,0,0,0,0,0,0,0,0,0,0,0,0,0,0,0,0,0,0,0,0,0,0,0,0,0,0,0,0,0,0,0,0,0,0,0,0,0,0,0,0,0,0,0,0,0,0,0,0,0,0,0,0,0,0,0,0,0,0,0,0,0,0,0,0,0,0,0,0,0,0,0,0,0,0,0,0,0,0,0,0,0,0,0,0,0,0,0,0,0,0,0,0,0,0,0,0,0,0,0,0,0,0,0,0,0,0,0,0,0,0,0,0,0,0,0,0,0,0,0,0,0,0,0,0,0,0,0,0,0,0,0,0,0,0,0,0,0,0,0,0,0,0,0,0,0,0,0,0,0,0,0,0,0,0,0,0,0,0,0,0,0,0,0
2017-22,3,2,32,0,17,0,,,0,0,4,8,,,,0,38,,0,0,0,0,0,0,0,,0,0,0,0,0,0,0,0,0,0,,0,,0,0,,,,,0,0,,,0,0,0,0,,,,,,0,,,,0,0,,,0,,,,,,,0,,0,,0,0,0,0,0,,,,,,,0,,,,0,,0,0,,,,0,,,,0,,0,,,,,0,,,0,,1,,1,,,0,0,,,0,,0,,0,0,,0,3,118,,0,29,,,0,,,1,,,1,,3,0,4,2,2,1,4,151,12,,,1,38,0,2,0,1,0,,,,,,5,,,27,0,116,,22,0,,0,0,,2,4,,,0,,,,,,0,,,,,6,8,1,0,0,43,0,,0,,5,2,10,,0,,,17,6,,1,2,2,0,13,0,3,1,0,,7,1,0,6,1,0,0,0,0,0,,0,1,0,4,1,0,,,0,19,2,,1,,64,4,,,,0,0,,0,0,0,0,0,,,40,0,1,1,,30,6,1,,0,,,0,0,,0,0,,0,,1,,0,0,1,1,3,6,0,0,,,,21,4,1,2,,0,,0,5,0,,0,1,39,0,23,,0,,3,1,0,4,
2017-23,4,13,4,1,20,2,,,0,0,4,1,,33,,2,44,,0,0,0,0,0,0,0,,0,0,0,0,0,0,0,0,0,2,,2,,0,0,,,,,0,0,,,0,0,0,0,,,,,,0,,,,0,0,,,0,,,,,,,0,,0,,0,0,0,0,0,,,,,,,0,,,,0,,0,0,,,,0,,,,0,,0,,,,,0,,,0,,3,,0,,,0,0,,,0,,2,,0,0,,4,2,13,,0,0,,,9,,,1,,,6,,7,1,4,0,4,6,4,143,33,,,5,2,0,0,2,0,2,,,,,,2,,,1,1,282,,3,1,,0,1,,0,9,,,0,,,,,,0,,,,,10,2,6,0,0,50,0,,0,,7,0,6,,0,,,47,2,,3,5,13,0,13,0,11,1,0,,10,0,1,3,4,0,0,0,0,2,,4,0,1,5,0,0,,,0,51,12,,6,,74,6,,,,0,0,,0,0,0,0,0,,,78,0,0,1,,32,0,4,,0,,,0,3,,1,0,,0,,2,,0,0,1,3,4,11,2,0,,,,20,2,4,0,,2,,0,15,1,,0,2,38,1,53,,0,44,4,2,0,7,
2017-24,4,6,2,0,20,1,,,1,0,6,1,,16,,1,45,,0,0,0,0,0,0,0,,0,0,0,0,0,0,0,0,0,7,,0,,0,0,,,,,0,0,,,0,0,0,0,,,,,,1,,,,0,0,,,0,,,,,,,1,,0,,0,0,0,0,0,,,,,,,0,,,,0,,0,0,,,,3,,,,0,,0,,,,,0,,,0,,0,,2,,,0,0,,,1,,0,,0,0,,5,1,9,,0,0,,,1,,,0,,,1,,14,0,19,0,3,6,5,122,9,,,4,4,0,0,1,0,0,,,,,,2,,,3,1,253,,5,0,,0,4,,0,7,,,1,,,,,,3,,,,,2,1,1,0,0,52,1,,0,,13,1,19,,1,,,38,3,,4,1,3,0,8,0,7,2,1,,8,0,1,2,5,0,0,0,1,0,,5,0,1,5,0,0,,,1,40,6,,8,,100,27,,,,0,0,,0,0,0,0,0,,,66,1,0,0,,54,1,0,,1,,,0,3,,1,0,,0,,2,,0,0,4,4,1,7,0,0,,,,18,2,0,1,,2,,0,13,1,,0,2,85,5,54,,0,47,0,0,1,6,
2017-25,10,8,8,0,7,3,,,0,2,8,2,,26,,4,41,,0,0,0,0,0,0,0,,0,0,0,0,0,0,0,0,0,0,,0,,0,0,,,,,0,0,,,0,0,0,0,,,,,,0,,,,0,0,,,0,,,,,,,0,,0,,0,3,0,1,0,,,,,,,0,,,,0,,0,0,,,,0,,,,5,,0,,,,,0,,,0,,2,,2,,,0,0,,,0,,2,,0,0,,2,5,8,,0,4,,,5,,45,1,,,0,,10,0,7,2,10,5,2,83,17,,,2,9,1,2,3,1,1,,,,,,4,,,1,2,415,,2,0,,0,1,,0,4,,,0,,,,,,1,,,,,4,5,11,1,3,66,1,,4,,13,3,18,,1,,,32,2,,14,4,7,0,8,0,8,2,1,,7,1,2,3,2,2,2,1,1,3,,3,0,1,5,3,1,,,2,56,12,,6,,113,3,,,,0,0,,0,0,0,0,1,,,61,1,2,1,,48,3,4,,4,,,0,1,,1,0,,1,,0,,0,0,0,8,1,3,0,0,,,,24,1,2,0,,2,7,0,15,2,0,0,3,51,0,57,,2,37,3,4,2,5,
2017-26,8,6,6,2,14,3,,,3,3,7,2,,17,,1,37,,1,1,1,1,1,1,1,,1,1,1,1,1,1,1,1,1,4,,1,,1,1,,,,,4,1,,,2,2,1,2,,,,,,2,,,,3,2,,,3,,,,,,,4,,4,,2,2,1,2,3,,,,,,,3,,,,1,,2,2,,,,2,,,,2,,2,,,,,6,,,2,2,1,,5,,,3,6,,,5,,1,,0,3,,7,2,10,,14,4,,,5,,43,1,,,3,,15,2,6,0,4,4,5,112,17,,,2,4,2,4,0,3,1,,,,,,11,7,,4,9,403,,3,1,,2,3,,5,3,,,2,,,0,,,0,,,,,1,1,3,0,2,47,1,,0,,13,1,17,,5,1,,29,0,,0,5,7,0,2,0,7,3,2,,9,2,0,1,2,2,3,1,4,0,,3,4,3,3,11,0,,,4,37,5,,3,,32,17,,,,1,1,,2,2,4,2,4,,,71,0,2,1,,64,0,2,,2,,2,0,0,,3,1,,2,,1,,0,0,2,1,4,4,2,0,,,,15,2,3,1,,3,11,0,6,0,0,3,3,46,0,94,,7,26,0,9,0,7,
2017-27,17,9,1,0,11,5,1,0,0,1,3,4,,9,,1,42,,0,0,0,0,0,0,0,,0,0,0,0,0,0,0,0,0,89,,2,,1,1,,,,,1,1,,,1,1,1,1,,,,,,1,,,,1,2,,,1,,,,,,,1,,1,,1,1,1,1,1,3,,,,,,1,,,,1,,1,1,,,,1,,,,2,,1,,,,,1,,,2,2,0,,1,,,0,1,,,1,,0,,0,0,,9,1,14,,1,0,,0,2,,39,0,,,0,,6,2,9,1,5,8,5,88,11,,,3,1,0,1,4,0,1,,,,,,0,3,,3,0,106,,5,1,,0,0,,0,4,,,0,,,0,,4,0,,,,,3,6,3,0,0,63,0,1,1,,15,2,12,,0,1,,40,1,,2,4,8,0,1,0,5,2,1,,10,1,0,6,0,1,0,0,0,3,,3,4,1,2,1,0,,,0,44,7,,4,,24,9,,,,0,0,,0,0,0,0,1,,,65,1,0,0,50,45,2,0,,0,,2,0,0,,0,0,,0,,2,,0,0,0,4,2,4,1,0,,,,7,2,1,1,,0,5,0,16,0,1,0,3,41,3,46,,0,49,1,4,0,2,
2017-28,2,11,5,1,2,4,0,0,0,0,7,5,,9,,1,46,,0,0,0,0,0,0,0,,0,0,0,0,0,0,0,0,0,2,,0,1,0,0,,,,,0,0,,1,0,1,0,1,,,,,,0,0,,1,1,0,,,0,,,,,,,0,,0,,0,0,0,1,1,0,,,,0,,1,,,,0,,0,0,,,,0,,,,0,,0,,,,,0,,,0,2,2,,3,,,0,0,,0,0,,1,,1,2,,9,5,4,,0,0,,0,2,,22,0,,,3,,3,2,42,0,3,1,3,121,10,,,1,9,0,0,0,0,0,,,,,,2,4,51,4,1,82,,9,0,,0,1,,1,0,,,0,,,0,,2,3,,,4,,2,6,1,1,0,59,0,9,1,,6,2,5,,0,2,,38,3,,1,1,2,0,7,0,9,1,1,,10,0,1,5,0,1,0,0,1,3,,4,0,0,5,0,0,,,1,32,6,,10,,25,2,,,,0,0,,0,0,0,0,0,,,51,0,1,0,45,39,0,1,,0,,3,0,2,,2,0,,0,,0,,0,0,0,1,2,2,2,0,,,,13,0,1,0,,0,5,0,4,1,1,0,1,41,11,43,,1,49,0,4,1,6,
2017-29,2,5,3,2,5,4,9,1,4,7,11,13,,6,,1,41,,0,0,0,0,0,0,0,,0,0,0,0,0,0,0,0,0,97,,1,1,1,2,,,,,1,3,,1,3,1,1,1,,,,,,2,1,,2,1,1,,,1,,,,,,,1,,1,,1,1,2,1,1,3,,,,1,,1,,,,1,,1,1,,,,1,,,,2,,1,,,,,3,,,1,1,1,,3,,,2,1,,1,1,,2,,1,1,,8,3,7,,0,0,,1,1,,25,0,,,2,,1,3,102,1,2,3,1,77,7,,,4,1,0,0,1,1,0,,,,,,2,6,41,1,2,50,,3,0,,0,0,,0,4,,,0,,,0,,3,3,,,3,,4,2,4,1,0,41,0,1,3,,11,2,16,,0,0,,23,3,,2,3,6,0,2,0,5,3,1,,5,0,1,3,2,2,1,1,2,0,3,3,0,1,3,1,0,,,0,23,15,,6,,15,2,,,,0,0,,0,0,0,2,0,,0,69,0,0,0,39,27,5,1,,2,,0,0,1,,1,0,,0,,2,,0,0,2,4,2,14,1,0,,,,12,3,2,0,,0,5,0,7,0,1,0,1,15,21,34,,0,23,0,3,0,7,
2017-30,7,6,1,2,0,3,5,3,2,0,16,7,,5,,1,33,,0,0,0,0,0,0,0,,0,0,0,0,0,0,0,0,0,4,,1,1,1,1,,2,,,1,1,2,1,1,1,1,1,,,,,,1,2,,2,2,1,3,,1,1,,,,,1,1,,1,,1,1,1,1,1,2,,,,1,,1,,,,1,,1,1,,,,1,,,,1,,1,1,,,3,1,,,2,0,1,,0,,,0,1,,0,0,,0,,1,2,,1,1,8,,0,6,,0,0,,26,0,,,0,,2,2,175,1,2,2,5,114,13,,,9,1,0,1,1,0,0,,,,,,2,2,41,3,2,33,,2,0,,0,0,,0,1,,,0,,,0,,3,1,,,7,,2,2,0,2,0,50,0,4,1,,8,5,13,,2,2,,41,0,,0,0,3,0,0,0,11,6,1,,12,0,0,1,0,0,0,0,1,1,2,6,1,0,5,2,0,,,0,11,25,,6,,25,7,,,,0,0,,0,0,0,0,1,,0,57,0,0,0,27,23,0,1,,0,,1,0,3,,2,0,,0,,1,,0,0,0,3,2,5,1,0,,,,14,3,3,0,,1,10,0,9,0,2,0,1,26,30,26,,2,24,1,2,1,41,
2017-31,3,3,1,2,3,2,1,0,0,2,20,1,,3,,13,42,3,0,0,0,0,0,0,0,,0,0,0,0,0,0,0,0,0,2,,0,0,0,0,,0,,,0,0,0,0,0,0,0,0,,,,0,,0,0,,0,0,0,1,,0,1,0,,,0,0,0,,0,,0,0,0,0,0,1,,,,0,,0,,,,0,,0,0,0,,,0,,1,,0,,0,0,,,4,2,,,0,2,1,,0,,,0,0,,0,0,0,0,,0,0,,0,2,7,,0,0,,0,1,,25,0,,,0,,6,0,179,2,4,2,2,96,13,,,3,2,0,1,2,0,2,,,4,,,5,10,57,2,0,62,,1,1,,0,0,,0,4,,,0,,,1,,1,3,,,8,,5,0,5,0,0,70,0,6,0,,9,0,17,,0,1,,28,0,,0,8,3,0,7,0,7,0,3,,20,0,0,3,0,0,0,0,0,4,2,6,2,0,3,4,0,,,0,20,4,,5,,33,1,,,0,0,0,,0,0,0,0,0,0,0,58,0,0,0,43,22,0,3,,1,,4,0,2,,2,1,,0,,1,,0,0,2,2,0,6,3,0,,,,16,3,0,0,,1,8,0,11,0,1,0,1,48,39,65,,1,32,2,4,1,4,
2017-32,1,27,4,1,7,1,2,1,0,1,98,2,216,7,,0,29,2,1,1,1,1,1,1,1,,1,1,1,1,1,1,1,1,1,4,,0,0,2,0,,0,,,0,0,1,0,0,0,0,0,,,,0,,0,0,,0,0,1,2,,0,0,0,,,0,0,0,,0,,0,0,0,0,0,1,,,,0,,0,,,,1,,0,0,0,,,0,,0,,0,,4,0,1,,2,1,,,0,1,0,,1,,,0,0,,2,0,0,0,,0,0,,0,2,15,,0,3,,0,0,,38,1,,,0,,7,0,132,4,5,4,2,104,5,,,19,4,0,0,1,0,0,,,2,,,2,5,51,2,2,55,,4,0,,0,1,,0,3,,,0,,,0,,2,0,,,4,,5,4,18,1,0,57,0,3,1,0,13,0,8,,0,0,,30,2,,1,43,5,0,10,41,32,1,0,,9,0,3,8,0,1,0,0,1,1,5,1,0,0,5,2,0,,,0,22,4,,6,,18,3,,0,0,0,0,,0,1,0,0,0,0,1,49,0,0,0,42,33,0,0,,0,,3,0,2,,0,0,,0,,1,,0,0,1,2,6,9,0,0,,,,22,1,0,0,,3,15,0,4,0,1,0,0,49,39,49,,0,32,1,3,1,2,
2017-33,11,14,0,1,6,6,1,0,0,1,19,4,226,10,,0,19,3,0,0,0,0,0,0,0,,0,0,0,0,0,0,0,0,0,2,,0,0,0,0,,0,,,0,2,0,0,0,0,0,0,,,,0,,0,0,,0,1,0,1,,0,2,0,,,0,0,0,,0,,0,1,0,0,0,0,,,,0,,0,,,,0,,0,0,0,,,0,,0,,0,,0,0,0,,4,0,,,0,3,2,,1,,,0,0,,0,0,0,2,,0,0,,2,1,16,,2,0,,0,3,,35,0,,,0,,2,0,11,0,3,2,5,69,9,,,2,6,1,1,1,1,0,,,4,,,1,3,50,0,1,45,,0,0,,0,0,,1,1,,,0,,,0,,1,1,10,,11,,2,0,2,0,0,48,0,2,0,0,8,0,7,,0,1,,23,1,,1,3,2,0,5,2,13,1,1,,10,0,3,5,1,2,1,1,1,1,2,4,1,3,3,1,1,,,0,18,9,1,5,1,33,1,,0,0,0,0,,0,0,0,0,0,0,0,51,0,0,0,40,30,0,2,,0,,4,0,0,,0,0,,1,,0,,0,0,1,1,1,2,0,0,,,,10,3,0,2,,3,7,0,9,0,0,0,1,39,6,45,,2,31,1,3,0,4,
2017-34,4,4,1,1,3,0,1,0,0,0,7,1,262,11,,2,43,2,0,0,0,0,0,0,0,,0,0,0,0,0,0,0,0,0,1,,0,0,0,0,,0,,,0,1,0,0,0,0,0,0,,,,1,,0,0,,0,0,0,0,,0,2,0,,,0,1,0,,0,,0,1,0,0,0,1,,,,0,,0,,,,0,,0,0,0,,,0,,0,,0,,0,0,0,,8,0,,,0,2,1,,2,,,0,0,,0,0,0,2,,0,0,,1,3,9,,0,0,,1,1,,39,0,,,0,,3,0,4,3,3,9,5,81,11,,,0,0,0,0,2,0,1,,,1,,,1,5,46,0,0,47,,2,1,,0,0,,0,8,,,0,,,2,10,0,1,4,,2,,4,3,6,1,0,58,0,1,0,2,10,0,12,,0,0,,32,0,,2,6,0,0,1,0,1,2,0,,4,0,0,2,1,1,1,1,1,1,3,5,0,0,6,1,0,,,0,32,9,0,3,4,28,4,,0,0,0,0,,0,1,0,0,0,0,0,78,0,0,1,42,26,0,2,,0,,3,0,3,,0,0,,0,,3,,0,0,2,4,0,3,2,0,,,,8,7,1,0,,0,4,0,22,0,0,0,0,18,4,39,,0,22,2,3,0,6,
2017-35,2,4,2,1,3,2,0,0,1,1,7,0,302,12,,19,21,0,0,0,0,0,0,0,0,,0,0,0,0,0,0,2,0,0,2,,0,0,0,0,,0,,,0,0,1,0,0,0,0,0,,,,0,,0,0,,0,0,0,0,,0,2,0,,,1,0,0,,0,,2,0,0,0,0,2,,,,0,,0,,,,0,,0,0,0,,,0,,0,,0,,0,0,0,,6,0,,,0,1,2,,2,,,0,1,,0,0,1,2,,0,0,,1,7,20,,1,0,,0,3,,28,0,,,3,,4,0,2,2,3,5,6,43,10,,,1,0,0,0,0,0,0,,,4,,,1,7,54,0,0,57,,2,0,,0,0,,0,3,,,0,,,1,4,1,1,11,,1,,1,2,2,0,0,64,0,1,0,0,11,9,7,,0,2,,35,0,,1,3,8,0,1,0,2,3,0,0,12,0,1,2,7,0,0,0,0,1,1,4,0,0,3,4,0,,,1,24,89,0,2,1,41,0,,0,0,0,0,,1,0,0,1,0,0,0,54,0,0,0,39,21,0,0,,1,,0,0,2,,0,1,,0,,2,,0,0,0,3,1,7,0,0,,,,11,9,2,1,,2,7,0,13,1,0,0,2,40,2,48,,0,23,28,2,2,11,
2017-36,10,3,0,0,3,3,3,1,0,4,6,3,478,20,,1,35,2,0,0,0,0,0,0,1,,0,0,0,0,0,0,0,0,0,5,,0,0,0,0,,0,,,0,0,0,1,0,0,1,0,,,,0,,0,0,,0,1,0,0,,0,1,0,,,0,1,1,,0,,0,1,0,0,0,0,,,,0,0,0,,,,0,,0,0,0,,,0,,1,,0,,0,2,0,,20,0,,,0,1,1,,0,,,0,0,,0,0,1,0,,0,0,,2,5,7,,0,1,,0,7,,49,0,,,0,1,3,2,3,1,2,3,2,30,10,,,0,3,0,0,1,0,1,,,1,,,1,2,34,0,1,49,,1,2,,0,0,,0,0,,,0,,,1,7,4,0,12,,1,,0,9,1,1,0,60,0,0,0,1,8,1,13,,0,1,,34,1,,4,3,0,0,4,1,12,1,0,0,8,0,1,0,4,0,0,0,0,0,1,3,0,1,2,3,0,,1,0,26,16,0,7,0,81,0,,0,0,0,0,,0,0,0,0,0,0,0,96,0,0,0,63,20,2,1,,0,,3,0,1,,0,0,,0,,8,,0,0,1,2,2,16,3,0,,,,10,3,1,0,,1,11,0,9,1,0,0,2,68,4,27,,0,28,2,3,3,6,
2017-37,4,3,1,0,6,3,0,0,0,1,5,2,437,18,,3,27,0,0,0,0,0,0,0,0,,0,0,0,0,0,0,0,0,0,0,,0,1,0,0,,0,,,0,0,0,0,0,0,0,0,,,,0,,0,0,,0,0,0,1,,0,0,0,,,0,0,0,,0,,0,1,0,0,0,0,,,,2,1,0,,,,0,,0,0,0,,,1,,0,,0,,0,0,1,,13,0,,,1,0,0,,6,,,0,0,,0,0,0,0,,0,0,,2,9,12,,1,3,,1,3,,59,0,,4,0,1,4,3,2,1,5,4,1,64,16,,,0,1,0,1,1,0,1,,,2,,,1,3,41,0,0,42,,2,1,,1,1,,1,0,,,0,0,,0,4,3,1,5,,5,,0,1,3,0,0,74,1,3,0,1,4,0,10,,1,0,,31,1,,6,13,4,0,7,2,7,0,1,1,5,0,0,4,7,0,0,0,0,6,1,14,0,2,3,1,0,,0,0,32,14,1,5,1,122,4,,0,1,0,0,,0,0,0,0,0,0,0,77,0,0,0,67,16,0,4,,2,,5,0,1,,1,0,,0,,3,,0,0,1,4,2,11,1,0,,,,17,13,2,0,,0,8,0,15,1,1,0,2,52,4,33,,0,34,3,3,1,4,3
2017-38,7,5,1,1,2,7,0,0,0,1,2,5,309,15,,3,547,2,0,0,0,0,0,0,0,,0,0,1,0,0,0,0,0,0,4,,0,1,0,1,,0,,,0,0,0,0,0,0,0,0,,,,0,,0,0,,0,0,0,1,,0,1,0,,,1,0,0,,0,,0,0,0,0,0,0,,,,0,0,0,,,,0,,0,0,0,,,0,,0,,0,0,1,0,0,,14,0,,,0,4,3,,4,,,0,1,,0,0,0,3,,0,0,,0,2,14,,1,1,,0,3,,87,0,,4,1,0,1,0,2,2,2,9,2,45,11,,,1,4,0,0,1,1,1,,,1,,,1,3,54,0,0,40,,2,4,,2,1,,0,6,,,0,0,,0,17,3,0,4,,3,,2,2,5,0,0,57,0,0,0,0,12,0,12,,0,6,,34,0,,4,1,3,0,3,0,16,6,0,1,8,0,0,3,2,4,0,0,0,2,5,1,2,1,3,5,0,,0,0,41,6,0,5,4,99,9,,0,0,0,0,,0,0,0,0,0,0,0,86,0,0,0,78,22,0,2,,0,,0,0,1,,0,1,,1,,0,,0,0,1,4,3,2,6,0,,,,12,3,0,0,,2,6,0,7,0,2,0,1,31,1,58,,1,34,3,2,1,7,4
2017-39,2,5,0,0,3,0,0,0,0,1,5,5,267,13,,2,107,1,0,0,1,0,0,0,0,,0,1,0,0,0,0,0,0,0,1,,0,0,0,0,,0,,,0,0,0,0,0,0,0,0,,,0,0,1,1,0,,0,0,1,0,,0,0,0,,,0,0,0,,0,,0,0,0,0,0,0,,,,0,0,0,,,,0,0,0,0,0,,,0,,0,,0,0,1,0,1,,3,0,,,0,1,1,,2,,,0,0,,0,1,0,1,,0,0,,4,6,24,,1,0,,1,7,,106,1,,6,1,1,1,0,3,1,5,5,10,39,20,,,2,1,0,2,1,0,2,,,2,,,2,2,55,0,0,38,,0,0,,0,0,,0,1,,,0,1,,2,10,1,2,13,,7,,0,0,9,0,0,83,0,1,3,1,2,0,10,,0,2,,25,2,,6,5,1,0,2,2,15,3,0,1,8,0,0,0,1,2,0,0,1,3,4,4,0,0,3,0,0,,0,0,56,20,1,10,1,80,3,,1,0,0,0,,0,0,0,0,0,0,0,91,0,0,0,84,33,0,2,,0,,1,0,2,,0,0,,0,,2,,0,0,1,4,0,6,8,0,,152,,10,12,0,0,,0,14,0,13,0,1,0,3,89,4,43,,0,20,1,7,0,11,6
2017-40,3,2,1,1,6,5,0,0,0,3,8,1,326,41,,2,46,7,0,0,0,0,0,0,0,,0,0,0,0,0,0,0,0,0,1,,0,0,0,0,,0,,,1,0,0,0,0,0,0,0,,,0,0,0,0,0,,0,0,0,0,,0,0,0,,,0,0,1,,0,,0,1,0,0,0,1,,,,0,0,0,,,,0,0,0,0,1,,,0,,0,,1,0,0,0,0,,7,0,,,0,2,1,,3,,,0,0,,0,0,0,0,,0,0,,0,4,28,,0,2,,1,6,,115,0,,7,9,6,4,0,2,0,1,4,6,35,24,,,2,3,0,0,1,1,0,,,2,,,6,2,73,0,0,51,,2,5,,0,0,,0,1,,,0,0,,0,21,5,0,6,34,4,,2,2,1,0,0,74,0,1,0,0,6,1,10,,0,2,,22,0,,5,11,2,0,10,9,10,5,0,0,8,0,0,0,4,1,0,0,1,0,3,6,0,0,2,1,0,,0,0,67,17,0,14,0,106,4,,0,0,0,0,,0,0,0,0,0,0,1,106,0,1,1,92,39,0,7,,3,,1,0,2,42,0,0,,0,,3,,0,0,1,3,0,10,0,0,,219,,15,1,5,0,,1,14,0,18,1,0,0,0,65,1,46,,0,22,0,5,1,9,1
2017-41,7,3,7,1,10,4,0,0,0,1,6,4,293,18,,0,30,2,0,0,0,0,0,0,0,,0,0,0,0,0,0,0,0,0,3,,0,0,0,0,,0,,,0,0,0,0,0,0,2,0,,,0,1,0,0,0,,0,0,0,0,,0,0,0,,,0,1,0,,0,,0,1,1,0,0,0,,,,0,0,0,,,,0,0,0,0,0,,,0,,1,,0,0,0,0,0,,5,0,,,0,0,2,,2,,,0,0,,0,0,1,0,,0,0,,1,2,7,,1,5,,1,0,,64,0,7,4,8,4,4,1,8,0,5,3,4,45,28,,,3,10,1,2,0,0,0,,,7,,,3,5,63,6,3,67,,6,2,,0,0,,0,8,,,0,0,,4,27,6,1,4,16,7,,1,7,5,0,1,58,0,7,1,2,5,0,10,,0,3,,31,7,,1,10,4,0,4,4,8,19,0,1,4,1,1,7,3,0,0,0,0,1,3,4,0,3,5,2,0,,1,0,72,13,5,5,1,84,2,,0,0,0,0,,0,0,0,0,0,0,1,90,0,0,0,110,38,1,2,,0,,4,0,2,46,1,0,,0,,5,,0,0,1,3,2,4,1,0,,135,,10,4,0,0,,2,7,0,18,1,0,0,0,80,7,44,6,0,29,2,3,0,11,3
2017-42,11,7,2,2,7,4,3,1,1,0,11,7,306,49,,3,45,0,0,0,0,0,0,0,0,0,0,0,0,0,0,0,0,0,0,15,,0,0,0,1,,0,,,0,0,0,0,0,0,0,0,,,0,0,1,0,0,,0,0,0,0,,0,2,0,,,0,0,0,,0,,0,0,0,0,0,2,,,,0,0,1,,,,0,0,0,0,1,,,0,,1,,2,0,0,0,0,,9,0,,13,0,1,2,,9,,,0,0,,0,0,0,0,,0,0,0,0,4,15,,1,0,,0,1,,115,3,1,13,3,0,6,1,2,3,4,8,6,54,29,,,3,4,0,1,2,0,3,3,,4,,,2,10,51,2,0,47,21,3,0,,0,0,,0,7,1,,0,0,0,0,22,0,2,4,22,8,,5,2,7,0,0,88,0,3,0,0,2,1,36,,1,1,,26,3,,4,7,1,0,4,5,6,3,0,4,7,0,0,1,1,0,0,0,0,0,1,4,0,0,5,1,0,,0,0,58,10,2,3,3,58,8,,0,0,0,0,,0,0,0,0,0,0,0,92,0,1,0,79,28,0,3,,0,5,1,0,4,57,0,0,,0,,5,,0,0,2,4,3,4,2,0,,162,,15,0,2,0,,2,16,0,14,0,0,0,0,79,2,50,1,0,31,3,6,0,10,2
2017-43,14,3,4,2,5,9,0,0,0,2,13,7,290,27,,1,48,5,0,0,0,0,0,0,0,0,0,0,0,0,0,0,0,0,0,0,,0,0,0,0,,0,,,0,0,0,1,0,0,0,0,,,0,1,0,0,0,,0,0,0,1,,0,0,0,,,0,0,0,,0,,0,1,0,0,0,1,,,,0,0,0,,,,0,0,1,0,1,,,0,,0,,1,0,0,1,0,,4,0,,7,0,0,4,,5,,,0,0,,0,0,0,0,,0,0,0,2,7,13,,1,1,,2,3,,109,3,8,2,5,5,6,0,4,3,2,1,2,40,14,,,2,6,0,1,1,1,1,5,,2,,,1,5,62,3,0,78,29,4,1,,0,0,,0,10,0,,0,1,0,0,13,6,2,5,21,13,,10,3,4,0,0,86,1,5,0,1,6,1,52,,0,1,,27,4,,4,0,3,0,5,4,13,6,0,4,15,0,1,11,0,0,0,0,0,0,2,6,3,5,5,0,0,,0,0,64,34,4,2,1,65,4,,0,0,0,0,0,0,0,0,0,0,0,3,88,0,0,0,109,41,2,4,,2,13,3,0,7,37,0,0,,0,,6,,0,0,0,2,4,3,5,0,,142,10,33,5,0,1,,4,11,0,16,1,3,0,0,51,5,44,6,0,39,2,2,0,6,1
2017-44,4,8,1,0,4,1,0,0,0,2,10,2,283,16,,4,45,5,0,1,0,0,0,0,4,0,0,0,0,0,0,0,0,0,0,2,,0,0,0,0,,1,,,0,0,0,0,0,0,1,0,,,0,1,0,0,0,,1,0,0,1,,0,1,0,,,0,2,1,,0,,0,0,0,0,0,0,,,,0,0,0,,,,2,0,0,0,0,,,0,,1,,0,0,0,0,0,,0,0,,1,0,7,1,,5,,,0,0,,0,0,4,0,,0,0,0,10,2,19,44,0,0,,1,2,,110,5,2,5,0,6,0,4,3,4,4,5,3,48,28,,,3,7,0,5,0,0,0,4,,2,,,3,5,77,4,0,40,19,1,1,,0,3,,0,8,2,0,0,0,2,0,4,5,0,11,30,7,,1,0,0,0,0,71,0,1,1,0,13,0,35,,0,2,,44,1,,3,6,2,0,7,5,9,0,0,0,4,2,0,4,3,0,0,0,0,2,7,15,0,2,4,0,0,,0,0,62,19,2,5,1,93,10,,0,0,0,0,0,0,0,0,0,0,0,0,98,0,0,0,107,36,1,2,,1,9,2,0,0,46,1,0,,0,,0,,0,0,1,3,3,11,1,0,622,122,8,9,1,0,0,,5,5,0,13,0,0,0,2,39,0,49,3,1,41,3,3,1,2,3
2017-45,9,5,4,2,5,3,4,1,1,2,8,2,331,25,,3,64,4,0,0,0,0,0,0,0,1,0,0,0,0,0,0,0,0,0,6,,0,0,0,0,,1,,,1,0,1,0,3,2,0,1,,,3,0,0,0,0,,0,0,0,0,0,0,1,0,,,0,0,0,,0,,1,0,0,0,0,3,,,,0,0,0,,,,0,0,1,0,0,,,0,,0,,0,0,0,3,0,,4,2,,5,1,3,2,1,1,,,0,0,,0,0,1,1,,0,0,0,1,4,11,28,1,2,,0,2,,73,1,1,4,0,4,3,7,2,2,4,7,7,49,21,,,6,9,0,1,8,0,1,5,,5,,7,1,6,73,4,1,43,21,5,1,,0,0,,0,8,1,3,0,1,5,1,7,2,0,12,34,7,,6,3,6,0,1,113,0,3,0,1,16,2,31,,1,2,0,35,3,,5,8,4,0,3,6,7,3,0,2,10,1,2,6,2,0,0,0,0,5,3,11,0,5,4,1,1,8,1,0,49,35,3,3,1,97,6,,0,0,0,0,0,0,0,0,2,0,0,1,95,0,0,0,85,29,1,6,,0,11,1,0,3,82,1,0,,0,,14,,0,0,1,4,4,14,2,0,799,120,11,16,3,2,1,,1,11,0,7,2,3,1,1,79,3,51,2,1,42,4,3,1,10,1
2017-46,4,2,3,4,1,7,2,0,0,0,4,4,353,19,,3,44,6,0,0,0,0,0,0,0,0,0,0,0,0,0,0,0,0,0,3,,0,0,0,0,0,1,,,0,0,2,0,0,0,0,0,,,0,0,0,0,0,,0,0,0,1,0,0,1,0,,,0,2,0,,0,,0,0,0,0,0,0,,,,0,0,0,,,,0,0,0,0,0,,,0,,1,,0,0,0,0,0,,2,1,,2,0,3,1,0,0,,,0,0,,0,0,0,0,,0,0,0,5,5,8,25,1,2,,1,4,,175,1,3,46,4,2,1,0,0,0,4,8,4,53,68,,,1,5,0,1,3,1,3,3,,2,,7,8,6,70,5,0,61,15,1,1,,0,2,,0,1,1,0,0,0,2,0,2,8,1,58,31,9,,0,4,2,0,0,93,0,2,0,0,8,1,23,,1,0,0,34,2,,0,17,3,0,4,7,5,3,1,1,5,1,0,3,3,2,0,0,0,3,1,4,2,7,3,0,0,5,0,0,71,38,2,7,1,105,5,,0,1,0,0,0,0,0,0,0,0,0,0,107,0,0,0,78,28,1,2,,0,3,4,0,2,30,0,0,,0,,4,,0,0,0,5,2,3,1,0,845,112,10,11,3,0,1,,1,10,0,16,1,0,0,1,331,2,47,1,2,55,1,7,0,9,2
2017-47,6,5,2,0,3,3,2,0,0,1,9,3,349,34,,5,37,1,1,0,0,0,0,0,0,0,0,0,0,0,0,0,0,0,0,20,,0,0,0,0,0,1,,,0,0,0,0,1,0,0,0,,,0,0,0,0,0,,1,0,0,0,0,0,2,0,,,0,0,0,,0,,0,0,1,0,0,0,,,,0,0,0,,,,0,0,0,0,0,,,1,,4,,1,0,0,0,0,,1,0,,1,0,2,4,3,3,,,0,0,,0,0,1,0,,0,0,0,6,4,8,24,0,1,,0,2,,108,0,1,2,3,2,4,0,4,9,13,13,7,69,28,,,6,4,0,3,1,0,1,1,,3,,11,2,70,74,3,1,60,25,0,2,,0,0,,1,6,2,0,0,0,1,2,10,5,1,27,24,11,,2,6,4,1,0,111,0,2,0,3,7,2,15,,1,4,0,31,1,,1,5,2,0,4,3,5,1,0,1,10,0,1,3,2,2,0,0,0,2,2,1,0,6,7,0,0,6,1,1,71,23,2,5,1,62,4,,0,0,0,1,0,0,0,0,0,0,0,1,77,0,0,0,193,59,1,2,,3,5,3,0,0,36,0,0,,0,,2,,0,0,3,11,0,11,1,0,932,106,8,14,3,4,0,,1,17,0,8,0,5,0,0,57,6,41,0,0,52,0,8,0,9,0
2017-48,4,2,1,0,7,3,2,0,0,0,8,1,271,37,,4,43,2,0,1,0,0,0,0,0,0,0,0,0,0,0,0,0,0,0,2,,1,0,0,0,0,0,,,0,0,0,0,0,0,0,0,,,0,2,0,0,0,,0,0,0,1,0,0,0,0,,,0,0,0,,0,,0,0,0,0,0,0,,,,0,0,0,,,,1,0,0,0,0,,,0,,0,,1,1,0,0,0,,1,0,,1,0,1,2,0,1,,,0,0,,0,0,0,0,,0,1,0,2,5,4,37,1,4,3,0,5,,66,0,3,8,3,2,4,0,6,0,2,4,4,77,22,,,2,2,1,1,0,1,4,2,,2,1,19,5,21,58,1,0,65,21,2,0,,0,0,,0,1,2,0,0,1,1,0,28,6,1,25,17,6,0,3,2,3,1,0,69,0,2,1,2,9,2,7,5,0,4,0,40,1,,0,2,3,0,3,6,10,5,0,2,5,0,1,4,0,0,1,0,0,1,1,5,0,4,2,1,1,4,1,0,62,22,2,5,4,81,2,,0,0,0,0,0,0,0,0,0,0,0,0,96,0,0,0,194,24,2,0,,0,7,1,0,1,80,1,0,,0,,2,,0,0,1,2,4,2,2,0,778,116,8,20,3,0,0,,2,9,0,11,0,1,1,0,65,4,50,1,0,34,1,5,1,2,2
2017-49,7,7,7,0,6,1,1,0,0,1,13,3,428,31,,3,28,5,0,0,0,0,0,0,1,1,1,1,1,1,1,1,1,1,1,5,,0,0,2,1,1,2,,,1,1,1,1,1,2,1,1,,,0,0,0,0,1,,1,1,2,2,2,1,1,1,,,1,1,2,,1,1,2,1,1,0,6,0,,,1,1,1,1,,1,,1,1,1,1,1,,,1,,2,,0,0,0,0,1,1,3,1,,5,9,5,6,3,9,1,,1,1,,1,1,2,1,,1,1,1,1,2,9,48,2,5,5,1,7,,65,2,6,10,2,1,17,1,2,2,3,4,6,76,15,,,9,10,2,4,3,4,5,9,,10,6,11,7,5,60,6,1,51,21,6,1,,1,3,,1,8,17,1,3,1,2,4,26,7,1,12,20,9,1,4,10,8,1,1,77,1,6,3,1,6,2,16,9,1,7,1,24,6,,3,5,4,0,10,4,11,1,1,1,4,2,2,7,2,1,1,1,1,1,6,5,1,1,7,2,1,7,1,1,57,19,6,4,2,49,5,,1,1,1,1,1,2,1,1,1,1,1,1,115,1,2,1,177,40,3,2,,1,14,3,0,4,28,1,1,,1,4,2,,0,0,7,5,8,11,6,0,523,102,3,5,2,2,1,,1,22,0,10,1,1,1,3,55,6,38,6,2,46,4,7,2,3,1
2017-50,1,4,2,0,3,2,3,1,0,7,9,2,276,37,54,3,45,0,0,0,0,0,0,0,0,0,0,0,0,0,0,1,0,0,0,6,,0,0,0,0,0,0,,,0,0,1,0,0,0,0,0,,,0,0,0,0,0,,0,0,0,0,0,0,0,1,,,0,0,0,,0,0,0,0,0,0,0,1,,,0,0,0,0,,0,,0,0,0,0,1,,,0,,1,,0,0,0,1,0,1,2,0,,0,1,0,1,4,6,3,0,0,0,0,0,0,0,0,0,0,0,0,2,0,10,37,0,1,2,0,8,32,107,0,0,0,1,3,3,0,1,0,0,1,2,86,16,0,,4,2,0,8,0,0,3,2,,1,4,4,2,6,50,1,0,45,18,1,0,1,0,0,,2,7,1,0,0,3,5,0,17,4,0,11,24,5,1,10,3,2,0,0,44,0,0,1,2,8,0,19,10,0,0,0,31,4,,6,3,1,0,8,9,6,1,0,2,10,1,0,2,0,1,0,0,1,0,2,2,0,1,4,1,0,8,0,0,41,12,14,2,3,62,3,0,1,0,0,0,0,0,0,0,0,0,0,0,107,0,0,0,143,25,1,1,,0,9,0,0,6,29,0,0,,0,2,0,7,0,0,2,3,1,4,0,0,517,108,5,13,1,4,0,,3,21,0,14,3,3,0,1,43,1,43,2,0,43,1,5,1,3,2
2017-51,7,1,6,0,1,3,0,0,0,0,5,2,160,20,26,1,30,3,0,0,0,0,0,0,0,0,0,0,1,0,0,0,0,0,0,0,,0,0,0,0,0,0,,,0,0,1,0,0,0,0,0,,,0,0,0,0,0,,0,0,0,0,0,0,1,0,,,0,0,0,,0,0,0,0,0,0,0,0,,,0,0,0,0,,0,,0,0,0,0,0,,,0,,1,,0,0,0,0,0,0,1,0,,2,0,0,0,0,2,0,0,0,0,0,1,0,0,0,0,0,0,0,1,3,4,17,0,0,2,0,2,22,63,0,0,0,1,1,3,0,0,1,13,11,19,94,18,0,,4,4,0,1,0,0,1,1,,2,1,4,1,4,42,0,0,37,9,2,0,0,0,2,,0,11,0,0,0,0,2,0,11,0,0,5,16,5,0,5,0,8,0,0,38,0,1,0,12,6,2,6,8,0,2,0,28,0,,2,1,5,0,2,4,2,4,1,0,6,0,0,3,0,0,0,0,0,1,1,11,1,2,8,1,0,6,3,0,30,11,2,10,2,32,2,0,0,0,0,0,1,0,0,0,0,0,0,0,44,1,0,0,86,12,0,1,,0,7,2,0,3,15,0,0,,0,1,2,3,0,0,3,2,1,6,1,0,392,109,10,7,1,0,0,19,2,16,0,6,1,1,0,1,41,0,41,1,1,21,1,2,0,2,0
2017-52,6,3,3,0,4,1,1,0,0,1,13,2,188,7,39,2,39,5,0,0,0,0,0,0,0,0,0,0,0,0,0,0,0,0,0,16,0,0,0,1,0,0,0,0,0,1,0,0,0,0,0,0,0,0,1,0,0,4,0,0,0,0,0,0,0,1,0,1,0,0,0,0,0,0,0,0,9,0,0,0,0,0,0,0,0,0,0,0,0,0,0,0,0,0,0,0,0,0,0,0,0,0,0,0,0,0,2,1,1,1,1,1,1,2,0,1,3,1,0,0,0,0,1,1,0,0,1,1,0,0,0,4,4,14,11,1,1,5,0,5,27,55,0,2,1,1,0,1,0,2,1,2,5,6,105,11,1,0,1,2,1,2,2,2,1,2,4,2,2,5,1,10,49,1,0,58,6,2,0,0,0,0,,0,1,0,0,0,0,5,1,23,5,0,5,13,6,1,3,1,4,3,0,44,0,1,1,0,8,1,20,5,0,2,0,21,2,1,0,2,1,0,2,6,6,0,0,0,6,0,0,1,0,0,0,0,1,0,0,5,0,1,1,1,0,1,2,0,23,20,1,4,3,28,6,0,0,0,0,0,1,0,0,0,0,0,0,1,48,0,0,0,65,19,2,5,0,0,6,7,0,1,20,0,0,,0,2,2,3,0,0,0,3,3,3,0,0,274,62,6,15,2,0,0,16,1,3,0,6,1,1,0,0,60,3,46,1,0,23,5,1,0,3,0
2017-53,0,0,0,0,0,0,0,0,0,0,0,0,0,0,0,0,0,0,0,0,0,0,0,0,0,0,0,0,0,0,0,0,0,0,0,0,0,0,0,0,0,0,0,0,0,0,0,0,0,0,0,0,0,0,0,0,0,0,0,0,0,0,0,0,0,0,0,0,0,0,0,0,0,0,0,0,0,0,0,0,0,0,0,0,0,0,0,0,0,0,0,0,0,0,0,0,0,0,0,0,0,0,0,0,0,0,0,0,0,0,0,0,0,0,0,0,0,0,0,0,0,0,0,0,0,0,0,0,0,0,0,0,0,0,0,0,0,0,0,0,0,0,0,0,0,0,0,0,0,0,0,0,0,0,0,0,0,0,0,0,0,0,0,0,0,0,0,0,0,0,0,0,0,0,0,0,0,0,0,0,0,0,,0,0,0,0,0,0,0,0,0,0,0,0,0,0,0,0,0,0,0,0,0,0,0,0,0,0,0,0,0,0,0,0,0,0,0,0,0,0,0,0,0,0,0,0,0,0,0,0,0,0,0,0,0,0,0,0,0,0,0,0,0,0,0,0,0,0,0,0,0,0,0,0,0,0,0,0,0,0,0,0,0,0,0,0,0,0,0,0,0,0,0,0,0,0,0,0,0,0,0,0,0,0,,0,0,0,0,0,0,0,0,0,0,0,0,0,0,0,0,0,0,0,0,0,0,0,0,0,0,0,0,0,0,0,0,0,0,0,0,0,0,0
